Batch,Speed,BatchQty,Para1Tgt,Para1,Para2Tgt,Para2,Para3,Para4,Para5,Para6,Para7,Para8,Para9,Para10,Para11,Para12,Para13,Para14,Para15,Para16,Para17,Para18,Para19,Para20,Para21,Para22,Para23
1,0.0,0.0,0.0,0.0,0.0,0.0,0.0,0.0,0.0,0.0,0.0,0.0,0.0,0.0,0.0,0.0,0.0,0.0,0.0,0.0,0.0,0.0,0.0,0.0,0.0,0.0,0.0
2,0.0,0.0,0.0,0.0,0.0,0.0,0.0,0.0,0.0,0.0,0.0,0.0,0.0,0.0,0.0,0.0,0.0,0.0,0.0,0.0,0.0,0.0,0.0,0.0,0.0,0.0,0.0
3,0.0,0.0,0.0,0.0,0.0,0.0,0.0,0.0,0.0,0.0,0.0,0.0,0.0,0.0,0.0,0.0,0.0,0.0,0.0,0.0,0.0,0.0,0.0,0.0,0.0,0.0,0.0
4,0.0,0.0,0.0,0.0,0.0,0.0,0.0,0.0,0.0,0.0,0.0,0.0,0.0,0.0,0.0,0.0,0.0,0.0,0.0,0.0,0.0,0.0,0.0,0.0,0.0,0.0,0.0
5,0.0,0.0,0.0,0.0,0.0,0.0,0.0,0.0,0.0,0.0,0.0,0.0,0.0,0.0,0.0,0.0,0.0,0.0,0.0,0.0,0.0,0.0,0.0,0.0,0.0,0.0,0.0
6,0.0,0.0,0.0,0.0,0.0,0.0,0.0,0.0,0.0,0.0,0.0,0.0,1.0,0.0,0.0,0.0,0.0,0.0,0.0,0.0,0.0,0.0,0.0,0.0,0.0,0.0,0.0
7,0.0,0.0,0.0,0.0,0.0,0.0,0.0,0.0,0.0,0.0,0.0,0.0,1.0,0.0,0.0,0.0,0.0,0.0,0.0,0.0,0.0,0.0,0.0,0.0,0.0,0.0,0.0
8,0.0,0.0,0.0,0.0,0.0,0.0,0.0,0.0,0.0,0.0,0.0,0.0,1.0,0.0,0.0,0.0,0.0,0.0,0.0,0.0,0.0,0.0,0.0,0.0,0.0,0.0,0.0
9,0.0,0.0,0.0,0.0,0.0,0.0,0.0,1.0,0.0,0.0,0.0,0.0,2.0,0.0,0.0,0.0,0.0,0.0,0.0,0.0,0.0,0.0,0.0,0.0,0.0,0.0,0.0
10,0.0,0.0,0.0,0.0,0.0,0.0,0.0,1.0,0.0,0.0,0.0,0.0,3.0,0.0,0.0,0.0,0.0,0.0,0.0,0.0,0.0,0.0,0.0,0.0,0.0,0.0,0.0
11,0.0,0.0,0.0,0.0,0.0,0.0,0.0,1.0,0.0,0.0,0.0,0.0,3.0,0.0,0.0,0.0,0.0,0.0,0.0,0.0,0.0,0.0,0.0,0.0,0.0,0.0,0.0
12,0.0,0.0,0.0,0.0,0.0,0.0,0.0,1.0,0.0,0.0,0.0,0.0,3.0,0.0,0.0,0.0,0.0,0.0,0.0,0.0,0.0,0.0,0.0,0.0,0.0,0.0,0.0
13,0.0,0.0,0.0,0.0,0.0,0.0,0.0,1.0,0.0,0.0,0.0,0.0,3.0,0.0,0.0,0.0,0.0,0.0,0.0,0.0,0.0,0.0,0.0,0.0,0.0,0.0,0.0
14,1.0,0.0,0.0,0.0,0.0,0.0,0.0,1.0,0.0,0.0,0.0,0.0,3.0,0.0,0.0,0.0,0.0,0.0,0.0,1.0,0.0,0.0,0.0,0.0,0.0,0.0,0.0
15,1.0,0.0,0.0,0.0,1.0,0.0,0.0,1.0,0.0,0.0,0.0,0.0,3.0,0.0,0.0,0.0,0.0,0.0,0.0,1.0,0.0,0.0,0.0,0.0,0.0,0.0,0.0
16,1.0,0.0,0.0,0.0,1.0,0.0,0.0,1.0,0.0,0.0,0.0,0.0,3.0,0.0,0.0,0.0,0.0,0.0,0.0,1.0,0.0,0.0,0.0,0.0,0.0,0.0,0.0
17,1.0,0.0,0.0,0.0,1.0,0.0,0.0,1.0,0.0,0.0,0.0,0.0,3.0,0.0,0.0,0.0,0.0,0.0,0.0,1.0,0.0,0.0,0.0,0.0,0.0,0.0,0.0
18,1.0,0.0,0.0,0.0,1.0,0.0,0.0,1.0,0.0,0.0,0.0,0.0,4.0,0.0,0.0,0.0,0.0,0.0,0.0,1.0,0.0,0.0,0.0,0.0,0.0,0.0,0.0
19,1.0,0.0,0.0,0.0,1.0,0.0,0.0,1.0,0.0,0.0,0.0,0.0,4.0,0.0,0.0,0.0,0.0,0.0,0.0,1.0,0.0,0.0,0.0,0.0,0.0,0.0,0.0
20,1.0,0.0,0.0,0.0,1.0,0.0,0.0,1.0,0.0,0.0,0.0,0.0,4.0,0.0,0.0,0.0,0.0,0.0,0.0,1.0,0.0,0.0,0.0,0.0,0.0,0.0,0.0
21,1.0,0.0,0.0,0.0,1.0,0.0,0.0,1.0,0.0,0.0,0.0,0.0,4.0,0.0,0.0,0.0,0.0,0.0,0.0,1.0,0.0,0.0,0.0,0.0,0.0,0.0,0.0
22,1.0,0.0,0.0,0.0,1.0,0.0,0.0,2.0,0.0,0.0,0.0,0.0,4.0,0.0,0.0,0.0,0.0,0.0,0.0,1.0,0.0,0.0,0.0,0.0,0.0,0.0,0.0
23,1.0,0.0,1.0,0.0,1.0,0.0,0.0,2.0,0.0,0.0,0.0,0.0,4.0,0.0,0.0,0.0,0.0,0.0,0.0,2.0,0.0,0.0,0.0,0.0,0.0,0.0,0.0
24,1.0,0.0,1.0,0.0,1.0,0.0,0.0,2.0,0.0,0.0,0.0,0.0,4.0,0.0,0.0,0.0,0.0,0.0,0.0,2.0,0.0,0.0,0.0,0.0,0.0,0.0,0.0
25,1.0,0.0,1.0,0.0,1.0,0.0,0.0,2.0,0.0,0.0,0.0,0.0,4.0,0.0,0.0,0.0,0.0,0.0,0.0,2.0,0.0,0.0,0.0,0.0,0.0,0.0,0.0
26,1.0,0.0,1.0,0.0,1.0,0.0,0.0,2.0,0.0,0.0,0.0,0.0,4.0,0.0,0.0,0.0,0.0,0.0,0.0,2.0,0.0,0.0,0.0,0.0,0.0,0.0,0.0
27,1.0,0.0,1.0,0.0,1.0,0.0,0.0,2.0,0.0,0.0,0.0,0.0,5.0,0.0,0.0,0.0,0.0,0.0,0.0,2.0,0.0,0.0,0.0,0.0,0.0,0.0,0.0
28,1.0,0.0,1.0,0.0,1.0,0.0,0.0,2.0,0.0,0.0,0.0,0.0,5.0,0.0,0.0,0.0,0.0,0.0,0.0,2.0,0.0,0.0,0.0,0.0,0.0,0.0,0.0
29,1.0,0.0,1.0,0.0,1.0,0.0,0.0,2.0,0.0,0.0,0.0,0.0,5.0,0.0,0.0,0.0,0.0,0.0,0.0,2.0,0.0,0.0,0.0,0.0,0.0,0.0,0.0
30,1.0,0.0,1.0,0.0,1.0,0.0,0.0,2.0,0.0,0.0,0.0,0.0,5.0,0.0,0.0,0.0,0.0,0.0,0.0,2.0,0.0,0.0,0.0,0.0,0.0,0.0,0.0
31,1.0,0.0,1.0,0.0,1.0,0.0,0.0,2.0,0.0,0.0,0.0,0.0,5.0,0.0,0.0,0.0,0.0,0.0,0.0,2.0,0.0,0.0,0.0,0.0,0.0,0.0,0.0
32,1.0,0.0,1.0,0.0,1.0,0.0,0.0,2.0,0.0,0.0,0.0,0.0,5.0,0.0,0.0,0.0,0.0,0.0,0.0,2.0,0.0,0.0,0.0,0.0,0.0,0.0,0.0
33,1.0,0.0,1.0,0.0,1.0,0.0,0.0,2.0,0.0,0.0,0.0,0.0,5.0,0.0,0.0,0.0,0.0,0.0,0.0,2.0,0.0,0.0,0.0,0.0,0.0,0.0,0.0
34,1.0,0.0,1.0,0.0,1.0,0.0,0.0,2.0,0.0,0.0,0.0,0.0,5.0,0.0,0.0,0.0,0.0,0.0,0.0,2.0,0.0,0.0,0.0,0.0,0.0,0.0,0.0
35,1.0,0.0,1.0,0.0,1.0,0.0,0.0,2.0,0.0,0.0,0.0,0.0,5.0,0.0,0.0,0.0,0.0,0.0,0.0,2.0,0.0,0.0,0.0,0.0,0.0,0.0,0.0
36,1.0,0.0,1.0,0.0,1.0,0.0,0.0,3.0,0.0,0.0,0.0,0.0,5.0,0.0,0.0,0.0,0.0,0.0,0.0,2.0,0.0,0.0,0.0,0.0,0.0,0.0,0.0
37,1.0,0.0,1.0,0.0,1.0,0.0,0.0,3.0,0.0,0.0,0.0,0.0,5.0,0.0,0.0,0.0,0.0,0.0,0.0,2.0,0.0,0.0,0.0,0.0,0.0,0.0,0.0
38,1.0,0.0,1.0,0.0,1.0,0.0,0.0,3.0,0.0,0.0,0.0,0.0,5.0,0.0,0.0,0.0,0.0,0.0,0.0,2.0,0.0,0.0,0.0,0.0,0.0,0.0,0.0
39,1.0,0.0,1.0,0.0,1.0,0.0,0.0,3.0,0.0,0.0,0.0,0.0,5.0,0.0,0.0,0.0,0.0,0.0,0.0,2.0,0.0,0.0,0.0,0.0,0.0,0.0,0.0
40,1.0,0.0,1.0,0.0,1.0,0.0,0.0,3.0,0.0,0.0,0.0,0.0,5.0,0.0,0.0,0.0,0.0,0.0,0.0,2.0,0.0,0.0,0.0,0.0,0.0,0.0,0.0
41,1.0,0.0,1.0,0.0,1.0,0.0,0.0,3.0,0.0,0.0,0.0,0.0,5.0,0.0,0.0,0.0,0.0,0.0,0.0,2.0,0.0,0.0,0.0,0.0,0.0,0.0,0.0
42,1.0,0.0,1.0,0.0,1.0,0.0,0.0,4.0,0.0,0.0,0.0,0.0,5.0,0.0,0.0,0.0,0.0,0.0,0.0,2.0,0.0,0.0,0.0,0.0,0.0,0.0,0.0
43,1.0,0.0,1.0,0.0,1.0,0.0,0.0,4.0,0.0,0.0,0.0,0.0,5.0,0.0,0.0,0.0,0.0,0.0,0.0,2.0,0.0,0.0,0.0,0.0,0.0,0.0,0.0
44,1.0,0.0,1.0,0.0,1.0,0.0,0.0,4.0,0.0,0.0,0.0,0.0,5.0,0.0,0.0,0.0,0.0,0.0,0.0,2.0,0.0,0.0,0.0,0.0,0.0,0.0,0.0
45,1.0,0.0,1.0,0.0,1.0,0.0,0.0,4.0,0.0,0.0,0.0,0.0,5.0,0.0,0.0,0.0,0.0,0.0,0.0,2.0,0.0,0.0,0.0,0.0,0.0,0.0,0.0
46,1.0,0.0,1.0,0.0,1.0,0.0,0.0,4.0,0.0,0.0,0.0,0.0,5.0,0.0,0.0,0.0,0.0,0.0,0.0,2.0,0.0,0.0,0.0,0.0,0.0,0.0,0.0
47,1.0,0.0,1.0,0.0,1.0,0.0,0.0,4.0,0.0,0.0,0.0,0.0,5.0,0.0,0.0,0.0,0.0,0.0,0.0,2.0,0.0,0.0,0.0,0.0,0.0,0.0,0.0
48,1.0,0.0,1.0,0.0,1.0,0.0,0.0,4.0,0.0,0.0,0.0,0.0,5.0,0.0,0.0,0.0,0.0,0.0,0.0,2.0,0.0,0.0,0.0,0.0,0.0,0.0,0.0
49,1.0,0.0,1.0,0.0,1.0,0.0,0.0,4.0,0.0,0.0,0.0,0.0,5.0,0.0,0.0,0.0,0.0,0.0,0.0,2.0,0.0,0.0,0.0,0.0,0.0,0.0,0.0
50,1.0,0.0,1.0,0.0,1.0,0.0,0.0,4.0,0.0,0.0,0.0,0.0,5.0,0.0,0.0,0.0,0.0,0.0,0.0,2.0,0.0,0.0,0.0,0.0,0.0,0.0,0.0
51,1.0,0.0,1.0,0.0,1.0,0.0,0.0,4.0,0.0,0.0,0.0,0.0,5.0,0.0,0.0,0.0,0.0,0.0,0.0,2.0,0.0,0.0,0.0,0.0,0.0,0.0,0.0
52,1.0,0.0,1.0,0.0,1.0,0.0,0.0,4.0,0.0,0.0,0.0,0.0,5.0,0.0,0.0,0.0,0.0,0.0,0.0,2.0,0.0,0.0,0.0,0.0,0.0,0.0,0.0
53,1.0,0.0,1.0,0.0,1.0,0.0,0.0,4.0,0.0,0.0,0.0,0.0,5.0,0.0,0.0,0.0,0.0,0.0,0.0,2.0,0.0,0.0,0.0,0.0,0.0,0.0,0.0
54,1.0,0.0,1.0,0.0,1.0,0.0,0.0,4.0,0.0,0.0,0.0,0.0,5.0,0.0,0.0,0.0,0.0,0.0,0.0,2.0,0.0,0.0,0.0,0.0,0.0,0.0,0.0
55,1.0,0.0,1.0,0.0,1.0,0.0,0.0,4.0,0.0,0.0,0.0,0.0,5.0,0.0,0.0,0.0,0.0,0.0,0.0,2.0,0.0,0.0,0.0,0.0,0.0,0.0,0.0
56,1.0,0.0,1.0,0.0,1.0,0.0,0.0,4.0,0.0,0.0,0.0,0.0,5.0,0.0,0.0,0.0,0.0,0.0,0.0,2.0,0.0,0.0,0.0,0.0,0.0,0.0,0.0
57,2.0,0.0,1.0,0.0,1.0,0.0,0.0,4.0,0.0,0.0,0.0,0.0,5.0,0.0,0.0,0.0,0.0,0.0,0.0,2.0,0.0,0.0,0.0,0.0,0.0,0.0,0.0
58,2.0,0.0,1.0,0.0,1.0,0.0,0.0,4.0,0.0,0.0,0.0,0.0,5.0,0.0,0.0,0.0,0.0,0.0,0.0,2.0,0.0,0.0,0.0,0.0,0.0,0.0,0.0
59,2.0,0.0,1.0,0.0,1.0,0.0,0.0,4.0,0.0,0.0,0.0,0.0,5.0,0.0,0.0,0.0,0.0,0.0,0.0,2.0,0.0,0.0,0.0,0.0,0.0,0.0,1.0
60,2.0,0.0,1.0,0.0,1.0,0.0,0.0,4.0,0.0,0.0,0.0,0.0,5.0,0.0,0.0,0.0,0.0,0.0,0.0,2.0,0.0,0.0,0.0,0.0,0.0,0.0,1.0
61,2.0,0.0,1.0,0.0,1.0,0.0,0.0,4.0,0.0,0.0,0.0,0.0,5.0,0.0,0.0,0.0,0.0,0.0,0.0,2.0,0.0,0.0,0.0,0.0,0.0,0.0,1.0
62,2.0,0.0,1.0,0.0,1.0,0.0,0.0,4.0,0.0,0.0,0.0,0.0,5.0,0.0,0.0,0.0,0.0,0.0,0.0,2.0,0.0,0.0,0.0,0.0,0.0,0.0,1.0
63,2.0,0.0,1.0,0.0,1.0,0.0,0.0,4.0,0.0,0.0,0.0,0.0,5.0,0.0,0.0,0.0,0.0,0.0,0.0,2.0,0.0,0.0,0.0,0.0,0.0,0.0,1.0
64,2.0,0.0,1.0,0.0,1.0,0.0,0.0,4.0,0.0,0.0,0.0,0.0,5.0,0.0,0.0,0.0,0.0,0.0,0.0,2.0,0.0,0.0,0.0,0.0,0.0,0.0,1.0
65,2.0,0.0,1.0,0.0,1.0,0.0,0.0,4.0,0.0,0.0,0.0,0.0,5.0,0.0,0.0,0.0,0.0,0.0,0.0,2.0,0.0,0.0,0.0,0.0,0.0,0.0,1.0
66,2.0,0.0,1.0,0.0,1.0,0.0,0.0,4.0,0.0,0.0,0.0,0.0,5.0,0.0,0.0,0.0,0.0,0.0,0.0,2.0,0.0,0.0,0.0,0.0,0.0,0.0,1.0
67,2.0,0.0,1.0,0.0,1.0,0.0,0.0,4.0,0.0,0.0,0.0,0.0,5.0,0.0,0.0,0.0,0.0,0.0,0.0,2.0,0.0,0.0,0.0,0.0,0.0,0.0,1.0
68,2.0,0.0,1.0,0.0,1.0,0.0,0.0,4.0,0.0,0.0,0.0,0.0,5.0,0.0,0.0,0.0,0.0,0.0,0.0,2.0,0.0,0.0,0.0,0.0,0.0,0.0,1.0
69,2.0,0.0,1.0,0.0,1.0,0.0,0.0,4.0,0.0,0.0,0.0,0.0,5.0,0.0,0.0,0.0,0.0,0.0,0.0,2.0,0.0,0.0,0.0,0.0,0.0,0.0,1.0
70,2.0,0.0,1.0,0.0,1.0,0.0,0.0,4.0,0.0,0.0,0.0,0.0,5.0,0.0,0.0,0.0,0.0,0.0,0.0,2.0,0.0,0.0,0.0,0.0,0.0,0.0,1.0
71,2.0,0.0,1.0,0.0,1.0,0.0,0.0,4.0,0.0,0.0,0.0,0.0,5.0,0.0,0.0,0.0,0.0,0.0,0.0,2.0,0.0,0.0,0.0,0.0,0.0,0.0,1.0
72,2.0,0.0,1.0,0.0,1.0,0.0,0.0,4.0,0.0,0.0,0.0,0.0,5.0,0.0,0.0,0.0,0.0,0.0,0.0,2.0,0.0,0.0,1.0,0.0,0.0,0.0,1.0
73,2.0,0.0,1.0,0.0,1.0,0.0,0.0,4.0,0.0,0.0,0.0,0.0,5.0,0.0,0.0,0.0,0.0,0.0,0.0,2.0,0.0,0.0,1.0,0.0,0.0,0.0,1.0
74,2.0,0.0,1.0,0.0,1.0,0.0,0.0,4.0,0.0,0.0,0.0,0.0,5.0,0.0,0.0,0.0,0.0,0.0,0.0,2.0,0.0,0.0,1.0,0.0,1.0,0.0,1.0
75,2.0,0.0,1.0,0.0,1.0,0.0,0.0,4.0,0.0,0.0,0.0,0.0,5.0,0.0,0.0,0.0,0.0,0.0,0.0,2.0,0.0,0.0,1.0,0.0,1.0,0.0,1.0
76,2.0,0.0,1.0,0.0,1.0,0.0,0.0,4.0,0.0,0.0,0.0,0.0,5.0,0.0,0.0,0.0,0.0,0.0,0.0,2.0,0.0,0.0,1.0,0.0,1.0,0.0,1.0
77,2.0,0.0,1.0,0.0,1.0,0.0,0.0,4.0,0.0,0.0,0.0,0.0,5.0,0.0,0.0,0.0,0.0,0.0,0.0,2.0,0.0,0.0,1.0,0.0,1.0,0.0,1.0
78,2.0,0.0,1.0,0.0,1.0,0.0,0.0,4.0,0.0,0.0,0.0,0.0,5.0,0.0,0.0,0.0,0.0,0.0,0.0,2.0,0.0,0.0,1.0,0.0,1.0,0.0,1.0
79,2.0,0.0,1.0,0.0,1.0,0.0,0.0,4.0,0.0,0.0,0.0,0.0,5.0,0.0,0.0,0.0,0.0,0.0,0.0,2.0,0.0,0.0,1.0,0.0,1.0,0.0,1.0
80,2.0,0.0,1.0,0.0,1.0,0.0,0.0,4.0,0.0,0.0,0.0,0.0,5.0,0.0,0.0,0.0,0.0,0.0,0.0,2.0,1.0,0.0,1.0,0.0,1.0,0.0,1.0
81,2.0,0.0,1.0,0.0,1.0,0.0,0.0,4.0,0.0,0.0,0.0,0.0,5.0,0.0,0.0,0.0,0.0,0.0,0.0,2.0,1.0,0.0,1.0,0.0,1.0,0.0,1.0
82,2.0,0.0,1.0,0.0,1.0,0.0,0.0,4.0,0.0,0.0,0.0,0.0,5.0,0.0,0.0,0.0,0.0,0.0,0.0,2.0,1.0,0.0,1.0,0.0,1.0,0.0,1.0
83,2.0,0.0,1.0,0.0,1.0,0.0,0.0,4.0,0.0,0.0,0.0,0.0,5.0,0.0,0.0,0.0,0.0,0.0,0.0,2.0,1.0,0.0,1.0,0.0,1.0,0.0,1.0
84,2.0,0.0,1.0,0.0,1.0,0.0,0.0,4.0,0.0,0.0,0.0,0.0,5.0,0.0,0.0,0.0,0.0,0.0,0.0,2.0,1.0,0.0,1.0,0.0,1.0,0.0,1.0
85,2.0,0.0,1.0,0.0,1.0,0.0,0.0,4.0,0.0,0.0,0.0,0.0,5.0,0.0,0.0,0.0,0.0,0.0,0.0,2.0,1.0,0.0,1.0,0.0,1.0,0.0,1.0
86,2.0,0.0,1.0,0.0,1.0,0.0,0.0,4.0,0.0,0.0,0.0,0.0,5.0,0.0,0.0,0.0,0.0,0.0,0.0,2.0,1.0,0.0,1.0,0.0,1.0,0.0,1.0
87,2.0,0.0,1.0,0.0,1.0,0.0,0.0,4.0,0.0,0.0,0.0,0.0,5.0,0.0,0.0,0.0,0.0,0.0,0.0,2.0,1.0,0.0,1.0,0.0,1.0,0.0,1.0
88,2.0,0.0,1.0,0.0,1.0,0.0,0.0,4.0,0.0,0.0,0.0,0.0,5.0,0.0,0.0,0.0,0.0,0.0,0.0,2.0,1.0,0.0,1.0,0.0,1.0,0.0,1.0
89,2.0,0.0,1.0,0.0,1.0,0.0,0.0,4.0,0.0,0.0,0.0,0.0,5.0,0.0,0.0,0.0,0.0,0.0,0.0,2.0,1.0,0.0,1.0,0.0,1.0,0.0,1.0
90,2.0,0.0,1.0,0.0,1.0,0.0,0.0,4.0,0.0,0.0,0.0,0.0,5.0,0.0,0.0,0.0,0.0,0.0,0.0,2.0,1.0,0.0,1.0,0.0,1.0,0.0,1.0
91,2.0,0.0,1.0,0.0,1.0,0.0,0.0,4.0,0.0,0.0,0.0,0.0,5.0,0.0,0.0,0.0,0.0,0.0,0.0,2.0,1.0,0.0,1.0,0.0,1.0,0.0,1.0
92,2.0,0.0,1.0,0.0,1.0,0.0,0.0,4.0,0.0,0.0,0.0,0.0,5.0,0.0,0.0,0.0,0.0,0.0,0.0,2.0,1.0,0.0,1.0,0.0,1.0,0.0,1.0
93,2.0,0.0,1.0,0.0,1.0,0.0,0.0,4.0,0.0,0.0,0.0,0.0,5.0,0.0,0.0,0.0,0.0,0.0,0.0,2.0,1.0,0.0,1.0,0.0,1.0,0.0,1.0
94,2.0,0.0,1.0,0.0,1.0,0.0,0.0,4.0,0.0,0.0,0.0,0.0,5.0,0.0,0.0,0.0,0.0,0.0,0.0,2.0,1.0,0.0,1.0,0.0,1.0,0.0,1.0
95,2.0,0.0,1.0,0.0,1.0,0.0,0.0,4.0,0.0,0.0,0.0,0.0,5.0,0.0,0.0,0.0,0.0,0.0,0.0,2.0,1.0,0.0,1.0,0.0,1.0,0.0,1.0
96,2.0,0.0,1.0,0.0,1.0,0.0,0.0,4.0,0.0,0.0,0.0,0.0,5.0,0.0,0.0,0.0,0.0,0.0,0.0,2.0,1.0,0.0,1.0,0.0,1.0,0.0,1.0
97,2.0,0.0,1.0,0.0,1.0,0.0,0.0,4.0,0.0,0.0,0.0,0.0,5.0,0.0,0.0,0.0,0.0,0.0,0.0,2.0,1.0,0.0,1.0,0.0,1.0,0.0,1.0
98,2.0,0.0,1.0,0.0,1.0,0.0,0.0,4.0,0.0,0.0,0.0,0.0,5.0,0.0,0.0,0.0,0.0,0.0,0.0,2.0,1.0,0.0,1.0,0.0,1.0,0.0,1.0
99,2.0,0.0,1.0,0.0,1.0,0.0,0.0,4.0,0.0,0.0,0.0,0.0,5.0,0.0,0.0,0.0,0.0,0.0,0.0,2.0,1.0,0.0,1.0,0.0,1.0,0.0,1.0
100,2.0,0.0,1.0,0.0,1.0,0.0,0.0,4.0,0.0,0.0,0.0,0.0,5.0,0.0,0.0,0.0,0.0,0.0,0.0,2.0,1.0,0.0,1.0,0.0,1.0,0.0,1.0
101,2.0,0.0,1.0,0.0,1.0,0.0,0.0,4.0,0.0,0.0,0.0,0.0,5.0,0.0,0.0,0.0,0.0,0.0,0.0,2.0,1.0,0.0,1.0,0.0,1.0,0.0,1.0
102,2.0,0.0,1.0,0.0,1.0,0.0,0.0,4.0,0.0,0.0,0.0,0.0,5.0,0.0,0.0,0.0,0.0,0.0,0.0,2.0,1.0,0.0,1.0,0.0,1.0,0.0,1.0
103,2.0,0.0,1.0,0.0,1.0,0.0,0.0,4.0,0.0,0.0,0.0,0.0,5.0,0.0,0.0,0.0,0.0,0.0,0.0,2.0,1.0,0.0,1.0,0.0,1.0,0.0,1.0
104,2.0,0.0,1.0,0.0,1.0,0.0,0.0,4.0,0.0,0.0,0.0,0.0,5.0,0.0,0.0,0.0,0.0,0.0,0.0,2.0,1.0,0.0,1.0,0.0,1.0,0.0,1.0
105,2.0,0.0,1.0,0.0,1.0,0.0,0.0,4.0,0.0,0.0,0.0,0.0,5.0,0.0,0.0,0.0,0.0,0.0,0.0,2.0,1.0,0.0,1.0,0.0,1.0,0.0,1.0
106,2.0,0.0,1.0,0.0,1.0,0.0,0.0,4.0,0.0,0.0,0.0,0.0,5.0,0.0,0.0,0.0,0.0,0.0,0.0,2.0,1.0,0.0,1.0,0.0,1.0,0.0,1.0
107,2.0,0.0,1.0,0.0,1.0,0.0,0.0,4.0,0.0,0.0,0.0,0.0,5.0,0.0,0.0,0.0,0.0,0.0,0.0,2.0,1.0,0.0,1.0,0.0,1.0,0.0,1.0
108,2.0,0.0,1.0,0.0,1.0,0.0,0.0,4.0,0.0,0.0,0.0,0.0,5.0,0.0,0.0,0.0,0.0,0.0,0.0,2.0,1.0,0.0,1.0,0.0,1.0,0.0,1.0
109,2.0,0.0,1.0,0.0,1.0,0.0,0.0,4.0,0.0,0.0,0.0,0.0,5.0,0.0,0.0,0.0,0.0,0.0,0.0,2.0,1.0,0.0,1.0,0.0,1.0,0.0,1.0
110,2.0,0.0,1.0,0.0,1.0,0.0,0.0,4.0,0.0,0.0,0.0,0.0,5.0,0.0,0.0,0.0,0.0,0.0,0.0,2.0,1.0,0.0,1.0,0.0,1.0,0.0,1.0
111,2.0,0.0,1.0,0.0,1.0,0.0,0.0,4.0,0.0,0.0,0.0,0.0,5.0,0.0,0.0,0.0,0.0,0.0,0.0,2.0,1.0,0.0,1.0,0.0,1.0,0.0,1.0
112,2.0,0.0,1.0,0.0,1.0,0.0,0.0,4.0,0.0,0.0,0.0,0.0,5.0,0.0,0.0,0.0,0.0,0.0,0.0,2.0,1.0,0.0,1.0,0.0,1.0,0.0,1.0
113,2.0,0.0,1.0,0.0,1.0,0.0,0.0,4.0,0.0,0.0,0.0,0.0,5.0,0.0,0.0,0.0,0.0,0.0,0.0,2.0,1.0,0.0,1.0,1.0,2.0,0.0,1.0
114,2.0,0.0,1.0,0.0,1.0,0.0,0.0,4.0,0.0,0.0,0.0,0.0,5.0,0.0,0.0,0.0,0.0,0.0,0.0,2.0,1.0,0.0,2.0,1.0,2.0,0.0,1.0
115,2.0,0.0,1.0,0.0,1.0,0.0,0.0,4.0,0.0,0.0,0.0,0.0,5.0,0.0,0.0,0.0,0.0,0.0,0.0,2.0,1.0,0.0,2.0,1.0,2.0,0.0,1.0
116,2.0,0.0,1.0,0.0,1.0,0.0,0.0,4.0,0.0,0.0,0.0,0.0,5.0,0.0,0.0,0.0,0.0,0.0,0.0,2.0,1.0,0.0,2.0,1.0,2.0,0.0,1.0
117,2.0,0.0,1.0,0.0,1.0,0.0,0.0,4.0,0.0,0.0,0.0,0.0,5.0,0.0,0.0,0.0,0.0,0.0,0.0,2.0,1.0,0.0,2.0,1.0,2.0,0.0,1.0
118,2.0,0.0,1.0,0.0,1.0,0.0,0.0,4.0,0.0,0.0,0.0,0.0,5.0,0.0,0.0,0.0,0.0,0.0,0.0,2.0,1.0,0.0,2.0,1.0,2.0,0.0,1.0
119,3.0,0.0,1.0,0.0,1.0,0.0,0.0,4.0,0.0,0.0,0.0,0.0,5.0,0.0,0.0,0.0,0.0,0.0,0.0,2.0,1.0,0.0,2.0,1.0,2.0,0.0,1.0
120,3.0,0.0,1.0,0.0,1.0,0.0,0.0,4.0,0.0,0.0,0.0,0.0,5.0,0.0,0.0,0.0,0.0,0.0,0.0,2.0,1.0,0.0,2.0,1.0,2.0,0.0,1.0
121,3.0,0.0,1.0,0.0,1.0,0.0,0.0,4.0,0.0,0.0,0.0,0.0,5.0,0.0,0.0,0.0,1.0,0.0,0.0,2.0,1.0,0.0,2.0,1.0,2.0,0.0,1.0
122,3.0,0.0,1.0,0.0,1.0,0.0,0.0,4.0,0.0,0.0,0.0,0.0,5.0,0.0,0.0,0.0,2.0,0.0,0.0,2.0,1.0,0.0,2.0,1.0,2.0,0.0,1.0
123,3.0,0.0,1.0,0.0,1.0,0.0,0.0,4.0,0.0,0.0,0.0,0.0,5.0,0.0,0.0,0.0,2.0,0.0,0.0,2.0,1.0,0.0,2.0,1.0,2.0,0.0,1.0
124,3.0,0.0,1.0,0.0,1.0,0.0,0.0,4.0,0.0,0.0,0.0,0.0,5.0,0.0,0.0,0.0,2.0,0.0,0.0,2.0,1.0,0.0,2.0,1.0,2.0,0.0,1.0
125,3.0,0.0,1.0,0.0,1.0,0.0,0.0,4.0,0.0,0.0,0.0,0.0,5.0,0.0,0.0,0.0,2.0,0.0,0.0,2.0,1.0,0.0,2.0,1.0,2.0,0.0,1.0
126,3.0,0.0,1.0,0.0,1.0,0.0,0.0,4.0,0.0,0.0,0.0,0.0,5.0,0.0,0.0,0.0,2.0,0.0,0.0,2.0,1.0,0.0,2.0,1.0,2.0,0.0,1.0
127,3.0,0.0,1.0,0.0,1.0,0.0,0.0,4.0,0.0,0.0,0.0,0.0,5.0,0.0,0.0,0.0,2.0,0.0,0.0,2.0,1.0,0.0,2.0,1.0,2.0,0.0,1.0
128,3.0,0.0,1.0,0.0,1.0,0.0,0.0,4.0,0.0,0.0,0.0,0.0,5.0,0.0,0.0,0.0,2.0,0.0,0.0,2.0,1.0,0.0,2.0,1.0,2.0,0.0,1.0
129,3.0,0.0,1.0,0.0,1.0,0.0,0.0,4.0,0.0,0.0,0.0,0.0,5.0,0.0,0.0,0.0,2.0,0.0,0.0,2.0,1.0,0.0,2.0,1.0,2.0,0.0,1.0
130,3.0,0.0,1.0,0.0,1.0,0.0,0.0,4.0,0.0,0.0,0.0,0.0,5.0,0.0,0.0,0.0,2.0,0.0,0.0,2.0,1.0,0.0,2.0,1.0,2.0,0.0,1.0
131,3.0,0.0,1.0,0.0,1.0,0.0,0.0,4.0,0.0,0.0,0.0,0.0,5.0,0.0,0.0,0.0,2.0,0.0,0.0,2.0,1.0,0.0,2.0,1.0,2.0,0.0,1.0
132,3.0,0.0,1.0,0.0,1.0,0.0,0.0,4.0,0.0,0.0,0.0,0.0,5.0,0.0,0.0,0.0,2.0,0.0,0.0,2.0,1.0,0.0,2.0,1.0,2.0,0.0,1.0
133,3.0,0.0,1.0,0.0,1.0,0.0,0.0,4.0,0.0,0.0,0.0,0.0,5.0,0.0,0.0,0.0,2.0,0.0,0.0,2.0,1.0,0.0,2.0,1.0,2.0,0.0,1.0
134,3.0,0.0,1.0,0.0,1.0,0.0,0.0,4.0,0.0,0.0,0.0,0.0,5.0,0.0,0.0,0.0,2.0,0.0,0.0,2.0,1.0,0.0,2.0,1.0,2.0,0.0,1.0
135,3.0,0.0,1.0,0.0,1.0,0.0,0.0,4.0,0.0,0.0,0.0,0.0,5.0,0.0,0.0,0.0,2.0,0.0,0.0,2.0,1.0,0.0,2.0,1.0,2.0,0.0,1.0
136,3.0,0.0,1.0,0.0,1.0,0.0,0.0,4.0,0.0,0.0,0.0,0.0,5.0,0.0,0.0,0.0,2.0,0.0,0.0,2.0,1.0,0.0,2.0,1.0,2.0,0.0,1.0
137,3.0,0.0,1.0,0.0,1.0,0.0,0.0,4.0,0.0,0.0,0.0,0.0,5.0,0.0,0.0,0.0,2.0,0.0,0.0,2.0,1.0,0.0,2.0,1.0,2.0,0.0,1.0
138,3.0,0.0,1.0,0.0,1.0,0.0,0.0,4.0,0.0,0.0,0.0,0.0,5.0,0.0,0.0,0.0,2.0,0.0,0.0,2.0,1.0,0.0,2.0,1.0,2.0,0.0,1.0
139,3.0,0.0,1.0,0.0,1.0,0.0,0.0,4.0,0.0,0.0,0.0,0.0,5.0,0.0,0.0,0.0,2.0,0.0,0.0,2.0,1.0,0.0,2.0,1.0,2.0,0.0,1.0
140,3.0,0.0,1.0,0.0,1.0,0.0,0.0,4.0,0.0,0.0,0.0,0.0,5.0,0.0,0.0,0.0,2.0,0.0,0.0,2.0,1.0,0.0,2.0,1.0,2.0,0.0,1.0
141,3.0,0.0,1.0,0.0,1.0,0.0,0.0,4.0,0.0,0.0,0.0,0.0,5.0,0.0,0.0,0.0,2.0,0.0,0.0,2.0,1.0,0.0,2.0,1.0,2.0,0.0,1.0
142,3.0,0.0,1.0,0.0,1.0,0.0,0.0,4.0,0.0,0.0,0.0,0.0,5.0,0.0,0.0,0.0,2.0,0.0,0.0,2.0,1.0,0.0,2.0,1.0,2.0,0.0,1.0
143,3.0,0.0,1.0,0.0,1.0,0.0,0.0,4.0,0.0,0.0,0.0,0.0,5.0,0.0,0.0,0.0,2.0,0.0,0.0,2.0,1.0,0.0,2.0,1.0,2.0,0.0,1.0
144,3.0,0.0,1.0,0.0,1.0,0.0,0.0,4.0,0.0,0.0,0.0,0.0,5.0,0.0,0.0,0.0,2.0,0.0,0.0,2.0,1.0,0.0,2.0,1.0,2.0,0.0,1.0
145,3.0,0.0,1.0,0.0,1.0,0.0,0.0,4.0,0.0,0.0,0.0,0.0,5.0,0.0,0.0,0.0,2.0,0.0,0.0,2.0,1.0,0.0,2.0,1.0,2.0,0.0,1.0
146,3.0,0.0,1.0,0.0,1.0,0.0,0.0,4.0,0.0,0.0,0.0,0.0,5.0,0.0,0.0,0.0,2.0,0.0,0.0,2.0,1.0,0.0,2.0,1.0,2.0,0.0,1.0
147,3.0,0.0,1.0,0.0,1.0,0.0,0.0,4.0,0.0,0.0,0.0,0.0,5.0,0.0,0.0,0.0,2.0,0.0,0.0,2.0,1.0,0.0,2.0,1.0,2.0,0.0,1.0
148,3.0,0.0,1.0,0.0,1.0,0.0,0.0,4.0,0.0,0.0,0.0,0.0,5.0,0.0,0.0,0.0,2.0,0.0,0.0,2.0,1.0,0.0,2.0,1.0,2.0,0.0,1.0
149,3.0,0.0,1.0,0.0,1.0,0.0,0.0,4.0,0.0,0.0,0.0,0.0,5.0,0.0,0.0,0.0,2.0,0.0,0.0,2.0,1.0,0.0,2.0,1.0,2.0,0.0,1.0
150,3.0,0.0,1.0,0.0,1.0,0.0,0.0,4.0,0.0,0.0,0.0,0.0,5.0,0.0,0.0,0.0,2.0,0.0,0.0,2.0,1.0,0.0,2.0,1.0,2.0,0.0,1.0
151,3.0,0.0,1.0,0.0,1.0,0.0,0.0,4.0,0.0,0.0,0.0,0.0,5.0,0.0,0.0,0.0,2.0,0.0,0.0,2.0,1.0,0.0,2.0,1.0,2.0,0.0,1.0
152,3.0,0.0,1.0,0.0,1.0,0.0,0.0,4.0,0.0,0.0,0.0,0.0,5.0,0.0,0.0,0.0,2.0,0.0,0.0,2.0,1.0,0.0,2.0,1.0,2.0,0.0,1.0
153,3.0,0.0,1.0,0.0,1.0,0.0,0.0,4.0,0.0,0.0,0.0,0.0,5.0,0.0,0.0,0.0,2.0,0.0,0.0,2.0,1.0,0.0,2.0,1.0,2.0,0.0,1.0
154,3.0,0.0,1.0,0.0,1.0,0.0,0.0,4.0,0.0,0.0,0.0,0.0,5.0,0.0,0.0,0.0,2.0,0.0,0.0,2.0,1.0,0.0,2.0,1.0,2.0,0.0,1.0
155,3.0,0.0,1.0,0.0,1.0,0.0,0.0,4.0,0.0,0.0,0.0,0.0,5.0,0.0,0.0,0.0,2.0,0.0,0.0,2.0,1.0,0.0,2.0,1.0,2.0,0.0,1.0
156,3.0,0.0,1.0,0.0,1.0,0.0,0.0,4.0,0.0,0.0,0.0,0.0,5.0,0.0,0.0,0.0,2.0,0.0,0.0,2.0,1.0,0.0,2.0,1.0,2.0,0.0,1.0
157,3.0,0.0,1.0,0.0,1.0,0.0,0.0,4.0,0.0,0.0,0.0,0.0,5.0,0.0,0.0,0.0,2.0,0.0,0.0,2.0,1.0,0.0,2.0,1.0,2.0,0.0,1.0
158,3.0,0.0,1.0,0.0,1.0,0.0,0.0,4.0,0.0,0.0,0.0,0.0,5.0,0.0,0.0,0.0,2.0,0.0,0.0,2.0,1.0,0.0,2.0,1.0,2.0,0.0,1.0
159,3.0,0.0,1.0,0.0,1.0,0.0,0.0,4.0,0.0,0.0,0.0,0.0,5.0,0.0,0.0,0.0,2.0,0.0,0.0,2.0,1.0,0.0,2.0,1.0,2.0,0.0,1.0
160,3.0,0.0,1.0,0.0,1.0,0.0,0.0,4.0,0.0,0.0,0.0,0.0,5.0,0.0,0.0,0.0,2.0,0.0,0.0,2.0,1.0,0.0,2.0,1.0,2.0,0.0,1.0
161,3.0,0.0,1.0,0.0,1.0,0.0,0.0,4.0,0.0,0.0,0.0,0.0,5.0,0.0,0.0,0.0,2.0,0.0,0.0,2.0,1.0,0.0,2.0,1.0,2.0,0.0,1.0
162,3.0,0.0,1.0,0.0,1.0,0.0,0.0,4.0,0.0,0.0,0.0,0.0,5.0,0.0,0.0,0.0,2.0,0.0,0.0,2.0,1.0,0.0,2.0,1.0,2.0,0.0,1.0
163,3.0,0.0,1.0,0.0,1.0,0.0,0.0,4.0,0.0,0.0,0.0,0.0,5.0,0.0,0.0,0.0,2.0,0.0,0.0,2.0,1.0,0.0,2.0,1.0,2.0,0.0,1.0
164,3.0,0.0,1.0,0.0,1.0,0.0,0.0,4.0,0.0,0.0,0.0,0.0,5.0,0.0,0.0,0.0,2.0,0.0,0.0,2.0,1.0,0.0,2.0,1.0,2.0,0.0,1.0
165,3.0,0.0,1.0,0.0,1.0,0.0,0.0,4.0,0.0,0.0,0.0,0.0,5.0,0.0,0.0,0.0,2.0,0.0,0.0,2.0,1.0,0.0,2.0,1.0,2.0,0.0,1.0
166,3.0,0.0,1.0,0.0,1.0,0.0,0.0,4.0,0.0,0.0,0.0,0.0,5.0,0.0,0.0,0.0,2.0,0.0,0.0,2.0,1.0,0.0,2.0,1.0,2.0,0.0,1.0
167,3.0,0.0,1.0,0.0,1.0,0.0,0.0,4.0,0.0,0.0,0.0,0.0,5.0,0.0,0.0,0.0,2.0,0.0,0.0,2.0,1.0,0.0,2.0,1.0,2.0,0.0,1.0
168,3.0,0.0,1.0,0.0,1.0,0.0,0.0,4.0,0.0,0.0,0.0,0.0,5.0,0.0,0.0,0.0,2.0,0.0,0.0,2.0,1.0,0.0,2.0,1.0,2.0,0.0,1.0
169,3.0,0.0,1.0,0.0,1.0,0.0,0.0,4.0,0.0,0.0,0.0,0.0,5.0,0.0,0.0,0.0,2.0,0.0,0.0,2.0,1.0,0.0,2.0,1.0,2.0,0.0,1.0
170,3.0,0.0,1.0,0.0,1.0,0.0,0.0,4.0,0.0,0.0,0.0,0.0,5.0,0.0,0.0,0.0,2.0,0.0,0.0,2.0,1.0,0.0,2.0,1.0,2.0,0.0,1.0
171,3.0,0.0,1.0,0.0,1.0,0.0,0.0,4.0,0.0,0.0,0.0,0.0,5.0,0.0,0.0,0.0,2.0,0.0,0.0,2.0,1.0,0.0,2.0,1.0,2.0,0.0,1.0
172,3.0,0.0,1.0,0.0,1.0,0.0,0.0,4.0,0.0,0.0,0.0,0.0,5.0,0.0,0.0,0.0,2.0,0.0,0.0,2.0,1.0,0.0,2.0,1.0,2.0,0.0,1.0
173,3.0,0.0,1.0,0.0,1.0,0.0,0.0,4.0,0.0,0.0,0.0,0.0,5.0,0.0,0.0,0.0,2.0,0.0,0.0,2.0,1.0,0.0,2.0,1.0,2.0,0.0,1.0
174,3.0,0.0,1.0,0.0,1.0,0.0,0.0,4.0,0.0,0.0,0.0,0.0,5.0,0.0,0.0,0.0,2.0,0.0,0.0,2.0,1.0,0.0,2.0,1.0,2.0,0.0,1.0
175,3.0,0.0,1.0,0.0,1.0,0.0,0.0,4.0,0.0,0.0,0.0,0.0,5.0,0.0,0.0,0.0,2.0,0.0,0.0,2.0,1.0,0.0,2.0,1.0,2.0,0.0,1.0
176,3.0,0.0,1.0,0.0,1.0,0.0,0.0,4.0,0.0,0.0,0.0,0.0,5.0,0.0,0.0,0.0,2.0,0.0,0.0,2.0,1.0,0.0,2.0,1.0,2.0,0.0,1.0
177,3.0,0.0,1.0,0.0,1.0,0.0,0.0,4.0,0.0,0.0,0.0,0.0,5.0,0.0,0.0,0.0,2.0,0.0,0.0,2.0,1.0,0.0,2.0,1.0,2.0,0.0,1.0
178,3.0,0.0,1.0,0.0,1.0,0.0,0.0,4.0,0.0,0.0,0.0,0.0,5.0,0.0,0.0,0.0,2.0,0.0,0.0,2.0,1.0,0.0,2.0,1.0,2.0,0.0,1.0
179,3.0,0.0,1.0,0.0,1.0,0.0,0.0,4.0,0.0,0.0,0.0,0.0,5.0,0.0,0.0,0.0,2.0,0.0,0.0,2.0,1.0,0.0,2.0,1.0,2.0,0.0,1.0
180,3.0,0.0,1.0,0.0,1.0,0.0,0.0,4.0,0.0,0.0,0.0,0.0,5.0,0.0,0.0,0.0,2.0,0.0,0.0,2.0,1.0,0.0,2.0,1.0,2.0,0.0,1.0
181,3.0,0.0,1.0,0.0,1.0,0.0,0.0,4.0,0.0,0.0,0.0,0.0,5.0,0.0,0.0,0.0,2.0,0.0,0.0,2.0,1.0,0.0,2.0,1.0,2.0,0.0,1.0
182,3.0,0.0,1.0,0.0,1.0,0.0,0.0,4.0,0.0,0.0,0.0,0.0,5.0,0.0,0.0,0.0,2.0,0.0,0.0,2.0,1.0,0.0,2.0,1.0,2.0,0.0,1.0
183,3.0,0.0,1.0,0.0,1.0,0.0,0.0,4.0,0.0,0.0,0.0,0.0,5.0,0.0,0.0,0.0,2.0,0.0,0.0,2.0,1.0,0.0,2.0,1.0,2.0,0.0,1.0
184,3.0,0.0,1.0,0.0,1.0,0.0,0.0,4.0,0.0,0.0,0.0,0.0,5.0,0.0,0.0,0.0,2.0,0.0,0.0,2.0,1.0,0.0,2.0,1.0,2.0,0.0,1.0
185,3.0,0.0,1.0,0.0,1.0,0.0,0.0,4.0,0.0,0.0,0.0,0.0,5.0,0.0,0.0,0.0,2.0,0.0,0.0,2.0,1.0,0.0,2.0,1.0,2.0,0.0,1.0
186,3.0,0.0,1.0,0.0,1.0,0.0,0.0,4.0,0.0,0.0,0.0,0.0,5.0,0.0,0.0,0.0,2.0,0.0,0.0,2.0,1.0,0.0,2.0,1.0,2.0,0.0,1.0
187,3.0,0.0,1.0,0.0,1.0,0.0,0.0,4.0,0.0,0.0,0.0,0.0,5.0,0.0,0.0,0.0,2.0,0.0,0.0,2.0,1.0,0.0,2.0,1.0,2.0,0.0,1.0
189,3.0,0.0,1.0,0.0,1.0,0.0,0.0,4.0,0.0,0.0,0.0,0.0,5.0,0.0,0.0,0.0,2.0,0.0,0.0,2.0,1.0,0.0,2.0,1.0,2.0,0.0,1.0
190,3.0,0.0,1.0,0.0,1.0,0.0,0.0,4.0,0.0,0.0,0.0,0.0,5.0,0.0,0.0,0.0,2.0,0.0,0.0,2.0,1.0,0.0,2.0,1.0,2.0,0.0,1.0
191,3.0,0.0,1.0,0.0,1.0,0.0,0.0,4.0,0.0,0.0,0.0,0.0,5.0,0.0,0.0,0.0,2.0,0.0,0.0,2.0,1.0,0.0,2.0,1.0,2.0,0.0,1.0
192,3.0,0.0,1.0,0.0,1.0,0.0,0.0,4.0,0.0,0.0,0.0,0.0,5.0,0.0,0.0,0.0,2.0,0.0,0.0,2.0,1.0,0.0,2.0,1.0,2.0,0.0,1.0
193,3.0,0.0,1.0,0.0,1.0,0.0,0.0,4.0,0.0,0.0,0.0,0.0,5.0,0.0,0.0,0.0,2.0,0.0,0.0,2.0,1.0,0.0,2.0,1.0,2.0,0.0,1.0
194,3.0,0.0,1.0,0.0,1.0,0.0,0.0,4.0,0.0,0.0,0.0,0.0,5.0,0.0,0.0,0.0,2.0,0.0,0.0,2.0,1.0,0.0,2.0,1.0,2.0,0.0,1.0
195,3.0,0.0,1.0,0.0,1.0,0.0,0.0,4.0,0.0,0.0,0.0,0.0,5.0,0.0,0.0,0.0,2.0,0.0,0.0,2.0,1.0,0.0,2.0,1.0,2.0,0.0,1.0
196,3.0,0.0,1.0,0.0,1.0,0.0,0.0,4.0,0.0,0.0,0.0,0.0,5.0,0.0,0.0,0.0,2.0,0.0,0.0,2.0,1.0,0.0,2.0,1.0,2.0,0.0,1.0
197,3.0,0.0,1.0,0.0,1.0,0.0,0.0,4.0,0.0,0.0,0.0,0.0,5.0,0.0,0.0,0.0,2.0,0.0,0.0,2.0,1.0,0.0,2.0,1.0,2.0,0.0,1.0
198,3.0,0.0,1.0,0.0,1.0,0.0,0.0,4.0,0.0,0.0,0.0,0.0,5.0,0.0,0.0,0.0,2.0,0.0,0.0,2.0,1.0,0.0,2.0,1.0,2.0,0.0,1.0
199,3.0,0.0,1.0,0.0,1.0,0.0,0.0,4.0,0.0,0.0,0.0,0.0,5.0,0.0,0.0,0.0,2.0,0.0,0.0,2.0,1.0,0.0,2.0,1.0,2.0,0.0,1.0
200,3.0,0.0,1.0,0.0,1.0,0.0,0.0,4.0,0.0,0.0,0.0,0.0,5.0,0.0,0.0,0.0,2.0,0.0,0.0,2.0,1.0,0.0,2.0,1.0,2.0,0.0,1.0
201,3.0,0.0,1.0,0.0,1.0,0.0,0.0,4.0,0.0,0.0,0.0,0.0,5.0,0.0,0.0,0.0,2.0,0.0,0.0,2.0,1.0,0.0,2.0,1.0,2.0,0.0,1.0
202,3.0,0.0,1.0,0.0,1.0,0.0,0.0,4.0,0.0,0.0,0.0,0.0,5.0,0.0,0.0,0.0,2.0,0.0,0.0,2.0,1.0,0.0,2.0,1.0,2.0,0.0,1.0
203,3.0,0.0,1.0,0.0,1.0,0.0,0.0,4.0,0.0,0.0,0.0,0.0,5.0,0.0,0.0,0.0,2.0,0.0,0.0,2.0,1.0,0.0,2.0,1.0,2.0,0.0,1.0
204,3.0,0.0,1.0,0.0,1.0,0.0,0.0,4.0,0.0,0.0,0.0,0.0,5.0,0.0,0.0,0.0,2.0,0.0,0.0,2.0,1.0,0.0,3.0,1.0,2.0,0.0,1.0
205,3.0,0.0,1.0,0.0,1.0,0.0,0.0,4.0,0.0,0.0,0.0,0.0,5.0,0.0,0.0,0.0,2.0,0.0,0.0,2.0,1.0,0.0,3.0,1.0,2.0,0.0,1.0
206,3.0,0.0,1.0,0.0,1.0,0.0,0.0,4.0,0.0,0.0,0.0,0.0,5.0,0.0,0.0,0.0,2.0,0.0,0.0,2.0,1.0,0.0,3.0,1.0,2.0,0.0,1.0
207,3.0,0.0,1.0,0.0,1.0,0.0,0.0,4.0,0.0,0.0,0.0,0.0,5.0,0.0,0.0,0.0,2.0,0.0,0.0,2.0,1.0,0.0,3.0,1.0,2.0,0.0,1.0
208,3.0,0.0,1.0,0.0,1.0,0.0,0.0,4.0,0.0,0.0,0.0,0.0,5.0,0.0,0.0,0.0,2.0,0.0,0.0,2.0,1.0,0.0,3.0,1.0,2.0,0.0,1.0
209,3.0,0.0,1.0,0.0,1.0,1.0,0.0,4.0,0.0,0.0,0.0,0.0,5.0,0.0,0.0,0.0,2.0,0.0,0.0,2.0,1.0,0.0,3.0,1.0,2.0,0.0,1.0
210,3.0,0.0,1.0,0.0,1.0,1.0,0.0,4.0,0.0,0.0,0.0,0.0,5.0,0.0,0.0,0.0,2.0,0.0,0.0,2.0,1.0,0.0,3.0,1.0,2.0,0.0,1.0
211,3.0,0.0,1.0,0.0,1.0,1.0,0.0,4.0,0.0,0.0,0.0,0.0,5.0,0.0,0.0,0.0,2.0,0.0,0.0,2.0,1.0,0.0,3.0,1.0,2.0,0.0,1.0
212,3.0,0.0,1.0,0.0,1.0,1.0,0.0,4.0,0.0,0.0,0.0,0.0,5.0,0.0,0.0,0.0,2.0,0.0,0.0,2.0,1.0,0.0,3.0,1.0,2.0,0.0,1.0
213,3.0,0.0,1.0,0.0,1.0,1.0,0.0,4.0,0.0,0.0,0.0,0.0,5.0,0.0,0.0,0.0,2.0,0.0,0.0,2.0,1.0,0.0,3.0,1.0,2.0,0.0,1.0
214,3.0,0.0,1.0,0.0,1.0,1.0,0.0,4.0,0.0,0.0,0.0,0.0,5.0,0.0,0.0,0.0,2.0,0.0,0.0,2.0,1.0,0.0,3.0,1.0,2.0,0.0,1.0
215,3.0,0.0,1.0,0.0,1.0,1.0,0.0,4.0,0.0,0.0,0.0,0.0,5.0,0.0,0.0,0.0,2.0,0.0,0.0,2.0,1.0,0.0,3.0,1.0,2.0,0.0,1.0
216,3.0,0.0,1.0,0.0,1.0,1.0,0.0,4.0,0.0,0.0,0.0,0.0,5.0,0.0,0.0,0.0,2.0,1.0,0.0,2.0,1.0,0.0,4.0,1.0,2.0,0.0,1.0
217,3.0,0.0,1.0,0.0,1.0,1.0,1.0,4.0,0.0,0.0,0.0,0.0,5.0,0.0,0.0,0.0,2.0,1.0,0.0,2.0,1.0,0.0,4.0,1.0,2.0,0.0,1.0
218,3.0,0.0,1.0,0.0,1.0,1.0,1.0,4.0,0.0,0.0,0.0,0.0,5.0,0.0,0.0,0.0,2.0,1.0,0.0,2.0,1.0,0.0,4.0,1.0,2.0,0.0,1.0
219,3.0,0.0,1.0,0.0,1.0,1.0,1.0,4.0,0.0,0.0,0.0,0.0,5.0,0.0,0.0,0.0,2.0,1.0,0.0,2.0,1.0,0.0,4.0,1.0,2.0,0.0,1.0
220,3.0,0.0,1.0,0.0,1.0,1.0,1.0,4.0,0.0,0.0,0.0,0.0,5.0,0.0,0.0,0.0,2.0,1.0,0.0,2.0,1.0,0.0,4.0,1.0,3.0,0.0,1.0
221,3.0,0.0,1.0,0.0,1.0,1.0,1.0,4.0,0.0,0.0,0.0,0.0,5.0,0.0,0.0,0.0,2.0,1.0,0.0,2.0,1.0,0.0,4.0,1.0,3.0,0.0,1.0
222,3.0,0.0,1.0,0.0,1.0,1.0,1.0,4.0,0.0,0.0,0.0,0.0,5.0,0.0,0.0,0.0,2.0,1.0,0.0,2.0,1.0,0.0,4.0,1.0,3.0,0.0,1.0
223,3.0,0.0,1.0,0.0,1.0,1.0,1.0,4.0,0.0,0.0,0.0,0.0,5.0,0.0,0.0,0.0,2.0,1.0,0.0,2.0,1.0,0.0,4.0,1.0,3.0,0.0,1.0
224,3.0,0.0,1.0,0.0,1.0,1.0,1.0,4.0,0.0,0.0,0.0,0.0,5.0,0.0,0.0,0.0,2.0,1.0,0.0,2.0,1.0,0.0,4.0,1.0,3.0,0.0,1.0
225,3.0,0.0,1.0,0.0,1.0,1.0,1.0,4.0,0.0,0.0,0.0,0.0,5.0,0.0,0.0,0.0,2.0,1.0,0.0,2.0,1.0,0.0,4.0,1.0,3.0,0.0,1.0
226,3.0,0.0,1.0,0.0,1.0,1.0,1.0,4.0,0.0,0.0,0.0,0.0,5.0,0.0,0.0,0.0,2.0,1.0,0.0,2.0,1.0,0.0,4.0,1.0,3.0,0.0,1.0
227,3.0,0.0,1.0,0.0,1.0,1.0,1.0,4.0,0.0,0.0,0.0,0.0,5.0,0.0,0.0,0.0,2.0,1.0,0.0,2.0,1.0,0.0,4.0,1.0,3.0,0.0,1.0
228,3.0,0.0,1.0,0.0,1.0,1.0,1.0,4.0,0.0,0.0,0.0,0.0,5.0,0.0,0.0,0.0,2.0,1.0,0.0,2.0,1.0,0.0,4.0,1.0,3.0,0.0,1.0
229,3.0,0.0,1.0,0.0,1.0,1.0,1.0,4.0,0.0,0.0,0.0,0.0,5.0,0.0,0.0,0.0,2.0,1.0,0.0,2.0,1.0,0.0,4.0,1.0,3.0,0.0,1.0
230,3.0,0.0,1.0,0.0,1.0,1.0,1.0,4.0,0.0,0.0,0.0,0.0,5.0,0.0,0.0,0.0,2.0,1.0,0.0,2.0,1.0,0.0,4.0,1.0,3.0,0.0,1.0
231,3.0,0.0,1.0,0.0,1.0,1.0,1.0,4.0,0.0,0.0,0.0,0.0,5.0,0.0,0.0,0.0,2.0,1.0,0.0,2.0,1.0,0.0,4.0,1.0,3.0,0.0,1.0
232,3.0,0.0,1.0,0.0,1.0,1.0,1.0,4.0,0.0,0.0,0.0,0.0,5.0,0.0,0.0,0.0,2.0,1.0,0.0,2.0,1.0,0.0,4.0,1.0,3.0,0.0,1.0
233,3.0,0.0,1.0,0.0,1.0,1.0,1.0,4.0,0.0,0.0,0.0,0.0,5.0,0.0,0.0,0.0,2.0,1.0,0.0,2.0,1.0,0.0,4.0,1.0,3.0,0.0,1.0
234,3.0,0.0,1.0,0.0,1.0,1.0,1.0,4.0,0.0,0.0,0.0,0.0,5.0,0.0,0.0,0.0,2.0,1.0,0.0,2.0,1.0,0.0,4.0,1.0,3.0,0.0,1.0
235,3.0,0.0,1.0,0.0,1.0,1.0,1.0,4.0,0.0,0.0,0.0,0.0,5.0,0.0,0.0,0.0,2.0,1.0,0.0,2.0,1.0,0.0,4.0,1.0,3.0,0.0,1.0
236,3.0,0.0,1.0,0.0,1.0,1.0,1.0,4.0,0.0,0.0,0.0,0.0,5.0,0.0,0.0,0.0,2.0,1.0,0.0,2.0,1.0,0.0,4.0,1.0,3.0,0.0,1.0
237,3.0,0.0,1.0,0.0,1.0,1.0,1.0,4.0,0.0,0.0,0.0,0.0,5.0,0.0,0.0,0.0,2.0,1.0,0.0,2.0,1.0,0.0,4.0,1.0,3.0,0.0,1.0
238,3.0,0.0,1.0,0.0,1.0,1.0,1.0,4.0,0.0,0.0,0.0,0.0,5.0,0.0,0.0,0.0,2.0,1.0,0.0,2.0,1.0,0.0,4.0,1.0,3.0,0.0,1.0
239,3.0,0.0,1.0,0.0,1.0,1.0,1.0,4.0,0.0,0.0,0.0,0.0,5.0,1.0,1.0,0.0,2.0,1.0,0.0,2.0,1.0,0.0,4.0,1.0,3.0,0.0,1.0
240,3.0,0.0,1.0,0.0,1.0,1.0,1.0,4.0,0.0,0.0,0.0,0.0,5.0,1.0,1.0,0.0,2.0,1.0,0.0,2.0,1.0,0.0,4.0,1.0,3.0,0.0,1.0
241,3.0,0.0,1.0,0.0,1.0,1.0,1.0,4.0,0.0,0.0,0.0,0.0,5.0,1.0,1.0,0.0,2.0,1.0,0.0,2.0,1.0,0.0,4.0,1.0,3.0,0.0,1.0
242,3.0,0.0,1.0,0.0,1.0,1.0,1.0,4.0,0.0,0.0,0.0,0.0,5.0,1.0,1.0,0.0,2.0,1.0,0.0,2.0,1.0,0.0,4.0,1.0,3.0,0.0,1.0
243,3.0,0.0,1.0,0.0,1.0,1.0,1.0,4.0,0.0,0.0,0.0,0.0,5.0,1.0,1.0,0.0,2.0,1.0,0.0,2.0,1.0,0.0,4.0,1.0,3.0,0.0,1.0
244,3.0,0.0,1.0,0.0,1.0,1.0,1.0,4.0,0.0,0.0,0.0,0.0,5.0,1.0,1.0,0.0,2.0,1.0,0.0,2.0,1.0,0.0,4.0,1.0,3.0,0.0,1.0
245,3.0,0.0,1.0,0.0,1.0,1.0,1.0,4.0,0.0,0.0,0.0,0.0,5.0,1.0,1.0,0.0,2.0,1.0,0.0,2.0,1.0,0.0,4.0,1.0,3.0,0.0,1.0
246,3.0,0.0,1.0,0.0,1.0,1.0,1.0,4.0,0.0,0.0,0.0,0.0,5.0,1.0,1.0,0.0,2.0,1.0,0.0,2.0,1.0,0.0,4.0,1.0,3.0,0.0,1.0
247,3.0,0.0,1.0,0.0,1.0,1.0,1.0,4.0,0.0,0.0,0.0,0.0,5.0,1.0,1.0,0.0,2.0,1.0,0.0,2.0,1.0,0.0,4.0,1.0,3.0,0.0,1.0
248,3.0,0.0,1.0,0.0,1.0,1.0,1.0,4.0,0.0,0.0,0.0,0.0,5.0,1.0,1.0,0.0,2.0,1.0,0.0,2.0,1.0,0.0,4.0,1.0,3.0,0.0,1.0
249,3.0,0.0,1.0,0.0,1.0,1.0,1.0,4.0,0.0,0.0,0.0,0.0,5.0,1.0,1.0,0.0,2.0,1.0,0.0,2.0,1.0,0.0,4.0,1.0,3.0,0.0,1.0
250,3.0,0.0,1.0,0.0,1.0,1.0,1.0,4.0,0.0,0.0,0.0,0.0,5.0,1.0,1.0,0.0,2.0,1.0,0.0,2.0,1.0,0.0,4.0,1.0,3.0,0.0,1.0
251,3.0,0.0,1.0,0.0,1.0,1.0,1.0,4.0,0.0,0.0,0.0,0.0,5.0,1.0,1.0,0.0,2.0,1.0,0.0,2.0,1.0,0.0,4.0,1.0,3.0,0.0,1.0
252,3.0,0.0,1.0,0.0,1.0,1.0,1.0,4.0,0.0,0.0,0.0,0.0,5.0,1.0,1.0,0.0,2.0,1.0,0.0,2.0,1.0,0.0,4.0,1.0,3.0,0.0,1.0
253,3.0,0.0,1.0,0.0,1.0,1.0,1.0,4.0,0.0,0.0,0.0,0.0,5.0,1.0,1.0,0.0,2.0,1.0,0.0,2.0,1.0,0.0,4.0,1.0,3.0,0.0,1.0
254,3.0,0.0,1.0,0.0,1.0,1.0,1.0,4.0,0.0,0.0,0.0,0.0,5.0,1.0,1.0,0.0,2.0,1.0,0.0,2.0,1.0,0.0,4.0,1.0,3.0,0.0,1.0
255,3.0,0.0,1.0,0.0,1.0,1.0,1.0,4.0,0.0,0.0,0.0,0.0,5.0,1.0,1.0,0.0,2.0,1.0,0.0,2.0,1.0,0.0,4.0,1.0,3.0,0.0,1.0
256,3.0,0.0,1.0,0.0,1.0,1.0,1.0,4.0,0.0,0.0,0.0,0.0,5.0,1.0,1.0,0.0,2.0,1.0,0.0,2.0,1.0,0.0,4.0,1.0,3.0,0.0,1.0
257,3.0,0.0,1.0,0.0,1.0,1.0,1.0,4.0,0.0,0.0,0.0,0.0,5.0,1.0,1.0,0.0,2.0,1.0,0.0,2.0,1.0,0.0,4.0,1.0,3.0,0.0,1.0
258,3.0,0.0,1.0,0.0,1.0,1.0,1.0,4.0,0.0,0.0,0.0,0.0,5.0,1.0,1.0,0.0,2.0,1.0,0.0,2.0,1.0,0.0,4.0,1.0,3.0,0.0,1.0
259,3.0,0.0,1.0,0.0,1.0,1.0,1.0,4.0,0.0,0.0,0.0,0.0,5.0,1.0,1.0,0.0,2.0,1.0,0.0,2.0,1.0,0.0,4.0,1.0,3.0,0.0,1.0
260,3.0,0.0,1.0,0.0,1.0,1.0,1.0,4.0,0.0,0.0,0.0,0.0,5.0,1.0,1.0,0.0,2.0,1.0,0.0,2.0,1.0,0.0,4.0,1.0,3.0,0.0,1.0
261,3.0,0.0,1.0,0.0,1.0,1.0,1.0,4.0,0.0,1.0,1.0,0.0,5.0,1.0,1.0,0.0,2.0,1.0,0.0,2.0,1.0,0.0,4.0,1.0,3.0,0.0,1.0
262,3.0,0.0,1.0,0.0,1.0,1.0,1.0,4.0,0.0,1.0,1.0,0.0,5.0,1.0,1.0,0.0,2.0,1.0,0.0,2.0,1.0,0.0,4.0,1.0,3.0,0.0,1.0
263,3.0,0.0,1.0,0.0,1.0,1.0,1.0,4.0,0.0,1.0,1.0,0.0,5.0,1.0,1.0,0.0,2.0,1.0,0.0,2.0,1.0,0.0,4.0,1.0,3.0,0.0,1.0
264,3.0,0.0,1.0,0.0,1.0,1.0,1.0,4.0,0.0,1.0,1.0,0.0,5.0,1.0,1.0,0.0,2.0,1.0,0.0,2.0,1.0,0.0,4.0,1.0,3.0,0.0,1.0
265,3.0,0.0,1.0,0.0,1.0,1.0,1.0,4.0,0.0,1.0,1.0,0.0,5.0,1.0,1.0,0.0,2.0,1.0,0.0,2.0,1.0,0.0,4.0,1.0,3.0,0.0,1.0
266,3.0,0.0,1.0,0.0,1.0,1.0,1.0,4.0,0.0,1.0,1.0,0.0,5.0,1.0,1.0,0.0,2.0,1.0,0.0,2.0,1.0,0.0,4.0,1.0,3.0,0.0,1.0
267,3.0,0.0,1.0,0.0,1.0,1.0,1.0,4.0,0.0,1.0,1.0,0.0,5.0,1.0,1.0,0.0,2.0,1.0,0.0,2.0,1.0,0.0,4.0,1.0,3.0,0.0,1.0
268,3.0,0.0,1.0,0.0,1.0,1.0,1.0,4.0,0.0,1.0,1.0,0.0,5.0,1.0,1.0,0.0,2.0,1.0,0.0,2.0,1.0,0.0,4.0,1.0,3.0,0.0,1.0
269,3.0,0.0,1.0,0.0,1.0,1.0,1.0,4.0,0.0,1.0,1.0,0.0,5.0,1.0,1.0,0.0,2.0,2.0,0.0,2.0,1.0,0.0,4.0,1.0,3.0,0.0,1.0
270,3.0,0.0,1.0,0.0,1.0,1.0,1.0,4.0,0.0,1.0,1.0,0.0,5.0,1.0,1.0,0.0,2.0,2.0,0.0,2.0,1.0,0.0,4.0,1.0,3.0,0.0,1.0
271,3.0,0.0,1.0,0.0,1.0,1.0,1.0,4.0,0.0,1.0,1.0,0.0,5.0,1.0,1.0,0.0,2.0,2.0,0.0,2.0,1.0,0.0,4.0,1.0,3.0,0.0,1.0
272,3.0,0.0,1.0,0.0,1.0,1.0,1.0,4.0,0.0,1.0,1.0,0.0,5.0,1.0,1.0,0.0,2.0,2.0,0.0,2.0,1.0,0.0,4.0,1.0,3.0,0.0,1.0
273,3.0,0.0,1.0,0.0,1.0,1.0,1.0,4.0,0.0,1.0,1.0,0.0,5.0,1.0,1.0,0.0,2.0,2.0,0.0,2.0,1.0,0.0,4.0,1.0,3.0,0.0,1.0
274,3.0,0.0,1.0,0.0,1.0,1.0,1.0,4.0,0.0,1.0,1.0,0.0,5.0,1.0,1.0,0.0,2.0,2.0,0.0,2.0,1.0,0.0,4.0,1.0,3.0,0.0,1.0
275,3.0,0.0,1.0,0.0,1.0,1.0,1.0,4.0,0.0,1.0,1.0,0.0,5.0,1.0,1.0,0.0,2.0,2.0,0.0,2.0,1.0,0.0,4.0,1.0,3.0,0.0,1.0
276,3.0,0.0,1.0,0.0,1.0,1.0,1.0,4.0,0.0,1.0,1.0,0.0,5.0,1.0,1.0,0.0,2.0,2.0,0.0,2.0,1.0,0.0,4.0,1.0,3.0,0.0,1.0
277,3.0,0.0,1.0,0.0,1.0,1.0,1.0,4.0,0.0,1.0,1.0,0.0,5.0,1.0,1.0,0.0,2.0,2.0,0.0,2.0,1.0,0.0,4.0,1.0,3.0,0.0,1.0
278,3.0,0.0,1.0,0.0,1.0,1.0,1.0,4.0,0.0,1.0,1.0,0.0,5.0,1.0,1.0,0.0,2.0,2.0,0.0,2.0,1.0,0.0,4.0,1.0,3.0,0.0,1.0
279,3.0,0.0,1.0,0.0,1.0,1.0,1.0,4.0,0.0,1.0,1.0,0.0,5.0,1.0,1.0,0.0,2.0,2.0,0.0,2.0,1.0,0.0,4.0,1.0,3.0,0.0,1.0
280,3.0,0.0,1.0,0.0,1.0,1.0,1.0,4.0,0.0,1.0,1.0,0.0,5.0,1.0,1.0,0.0,2.0,2.0,0.0,2.0,1.0,0.0,4.0,1.0,3.0,0.0,1.0
281,3.0,0.0,1.0,0.0,1.0,1.0,1.0,4.0,0.0,1.0,1.0,0.0,5.0,1.0,1.0,0.0,2.0,2.0,0.0,2.0,1.0,0.0,4.0,1.0,3.0,0.0,1.0
282,3.0,0.0,1.0,0.0,1.0,1.0,1.0,4.0,0.0,1.0,1.0,0.0,5.0,1.0,1.0,0.0,2.0,2.0,0.0,2.0,1.0,0.0,4.0,1.0,3.0,0.0,1.0
283,3.0,0.0,1.0,0.0,1.0,1.0,1.0,4.0,0.0,1.0,1.0,0.0,5.0,1.0,1.0,0.0,2.0,2.0,0.0,2.0,1.0,0.0,4.0,2.0,3.0,0.0,1.0
284,3.0,0.0,1.0,0.0,1.0,1.0,1.0,4.0,0.0,1.0,1.0,0.0,5.0,1.0,1.0,0.0,2.0,2.0,0.0,2.0,1.0,0.0,4.0,2.0,3.0,0.0,1.0
285,3.0,0.0,1.0,0.0,1.0,1.0,1.0,4.0,0.0,1.0,1.0,0.0,5.0,1.0,1.0,0.0,2.0,2.0,0.0,2.0,1.0,0.0,4.0,2.0,3.0,0.0,1.0
286,3.0,0.0,1.0,0.0,1.0,1.0,1.0,4.0,0.0,1.0,1.0,0.0,5.0,1.0,1.0,0.0,2.0,2.0,0.0,2.0,1.0,0.0,4.0,2.0,3.0,0.0,1.0
287,3.0,0.0,1.0,0.0,1.0,1.0,1.0,4.0,0.0,1.0,1.0,0.0,5.0,1.0,1.0,0.0,2.0,2.0,0.0,2.0,1.0,0.0,4.0,2.0,3.0,0.0,1.0
288,3.0,0.0,1.0,0.0,1.0,1.0,1.0,4.0,0.0,1.0,1.0,0.0,5.0,1.0,1.0,0.0,2.0,2.0,0.0,2.0,1.0,0.0,4.0,2.0,3.0,0.0,1.0
289,3.0,0.0,1.0,0.0,1.0,1.0,1.0,4.0,0.0,1.0,1.0,0.0,5.0,1.0,1.0,0.0,2.0,2.0,0.0,2.0,1.0,0.0,4.0,2.0,3.0,0.0,1.0
290,3.0,0.0,1.0,0.0,1.0,1.0,1.0,4.0,0.0,1.0,1.0,0.0,5.0,1.0,1.0,0.0,2.0,2.0,0.0,2.0,1.0,0.0,4.0,2.0,3.0,0.0,1.0
291,3.0,0.0,1.0,0.0,1.0,1.0,1.0,4.0,0.0,1.0,1.0,0.0,5.0,1.0,1.0,0.0,2.0,2.0,0.0,2.0,1.0,0.0,4.0,2.0,3.0,0.0,1.0
292,3.0,0.0,1.0,0.0,1.0,1.0,1.0,4.0,0.0,1.0,1.0,0.0,5.0,1.0,1.0,0.0,2.0,2.0,0.0,2.0,1.0,0.0,4.0,2.0,3.0,0.0,1.0
293,3.0,0.0,1.0,0.0,1.0,1.0,1.0,4.0,0.0,1.0,1.0,0.0,5.0,1.0,1.0,0.0,2.0,2.0,0.0,2.0,1.0,0.0,4.0,2.0,3.0,0.0,1.0
294,3.0,0.0,1.0,0.0,1.0,1.0,1.0,4.0,0.0,1.0,1.0,0.0,5.0,1.0,1.0,0.0,2.0,2.0,0.0,2.0,1.0,0.0,4.0,2.0,3.0,0.0,1.0
295,3.0,0.0,1.0,0.0,1.0,1.0,1.0,4.0,0.0,1.0,1.0,0.0,5.0,1.0,1.0,0.0,2.0,2.0,0.0,2.0,1.0,0.0,4.0,2.0,3.0,0.0,1.0
296,3.0,0.0,1.0,0.0,1.0,1.0,1.0,4.0,0.0,1.0,1.0,0.0,5.0,1.0,1.0,0.0,2.0,2.0,0.0,2.0,1.0,0.0,4.0,2.0,3.0,0.0,1.0
297,3.0,0.0,1.0,0.0,1.0,1.0,1.0,4.0,0.0,1.0,1.0,0.0,5.0,1.0,1.0,0.0,2.0,2.0,0.0,2.0,1.0,0.0,4.0,2.0,3.0,0.0,1.0
298,3.0,0.0,1.0,0.0,1.0,1.0,1.0,4.0,0.0,1.0,1.0,0.0,5.0,1.0,1.0,0.0,2.0,2.0,0.0,2.0,1.0,0.0,4.0,2.0,3.0,0.0,1.0
299,3.0,0.0,1.0,0.0,1.0,1.0,1.0,4.0,0.0,1.0,1.0,0.0,5.0,1.0,1.0,0.0,2.0,2.0,0.0,2.0,1.0,0.0,4.0,2.0,3.0,0.0,1.0
300,3.0,0.0,1.0,0.0,1.0,1.0,1.0,4.0,0.0,1.0,1.0,0.0,5.0,1.0,1.0,0.0,2.0,2.0,0.0,2.0,1.0,0.0,4.0,2.0,3.0,0.0,1.0
301,3.0,0.0,1.0,0.0,1.0,1.0,1.0,4.0,0.0,1.0,1.0,0.0,5.0,1.0,2.0,0.0,2.0,2.0,0.0,2.0,1.0,0.0,4.0,2.0,3.0,0.0,1.0
302,3.0,0.0,1.0,0.0,1.0,1.0,1.0,4.0,0.0,1.0,1.0,0.0,5.0,1.0,2.0,0.0,2.0,2.0,0.0,2.0,1.0,0.0,4.0,2.0,3.0,0.0,1.0
303,3.0,0.0,1.0,0.0,1.0,1.0,1.0,4.0,0.0,1.0,1.0,0.0,5.0,1.0,2.0,0.0,2.0,2.0,0.0,2.0,1.0,0.0,4.0,2.0,3.0,0.0,1.0
304,3.0,0.0,1.0,0.0,1.0,1.0,1.0,4.0,0.0,1.0,1.0,0.0,5.0,1.0,2.0,0.0,2.0,2.0,0.0,2.0,1.0,0.0,4.0,2.0,3.0,0.0,1.0
305,3.0,0.0,1.0,0.0,1.0,1.0,1.0,4.0,0.0,1.0,1.0,0.0,5.0,1.0,2.0,0.0,2.0,2.0,0.0,2.0,1.0,0.0,4.0,2.0,3.0,0.0,1.0
306,3.0,0.0,1.0,0.0,1.0,1.0,1.0,4.0,0.0,1.0,1.0,0.0,5.0,1.0,2.0,0.0,2.0,2.0,0.0,2.0,1.0,0.0,4.0,2.0,3.0,0.0,1.0
307,3.0,0.0,1.0,0.0,1.0,1.0,1.0,4.0,0.0,1.0,1.0,0.0,5.0,1.0,2.0,0.0,2.0,2.0,0.0,2.0,1.0,0.0,4.0,2.0,3.0,0.0,1.0
308,3.0,0.0,1.0,0.0,1.0,1.0,1.0,4.0,0.0,1.0,1.0,0.0,5.0,1.0,2.0,0.0,2.0,2.0,0.0,2.0,1.0,0.0,4.0,2.0,3.0,0.0,1.0
309,3.0,0.0,1.0,0.0,1.0,1.0,1.0,4.0,0.0,1.0,1.0,0.0,5.0,1.0,2.0,0.0,2.0,2.0,0.0,2.0,1.0,0.0,4.0,2.0,3.0,0.0,1.0
310,3.0,0.0,1.0,0.0,1.0,1.0,1.0,4.0,0.0,1.0,1.0,0.0,5.0,1.0,2.0,0.0,2.0,2.0,0.0,2.0,1.0,0.0,4.0,2.0,3.0,0.0,1.0
311,3.0,0.0,1.0,0.0,1.0,1.0,1.0,4.0,0.0,1.0,1.0,0.0,5.0,1.0,2.0,0.0,2.0,2.0,0.0,2.0,1.0,0.0,4.0,2.0,3.0,0.0,1.0
312,3.0,0.0,1.0,0.0,1.0,1.0,1.0,4.0,0.0,1.0,1.0,0.0,5.0,1.0,2.0,0.0,2.0,2.0,0.0,2.0,1.0,0.0,4.0,2.0,3.0,0.0,1.0
313,3.0,0.0,1.0,0.0,1.0,1.0,1.0,4.0,0.0,1.0,1.0,0.0,5.0,1.0,2.0,0.0,2.0,2.0,0.0,2.0,1.0,0.0,4.0,2.0,3.0,0.0,1.0
314,3.0,0.0,1.0,0.0,1.0,1.0,1.0,4.0,0.0,1.0,1.0,0.0,5.0,1.0,2.0,0.0,2.0,2.0,0.0,2.0,1.0,0.0,4.0,2.0,3.0,0.0,1.0
315,3.0,0.0,1.0,0.0,1.0,1.0,1.0,4.0,0.0,1.0,1.0,0.0,5.0,1.0,2.0,0.0,2.0,2.0,0.0,2.0,1.0,0.0,4.0,2.0,3.0,0.0,1.0
316,3.0,0.0,1.0,0.0,1.0,1.0,1.0,4.0,0.0,1.0,1.0,0.0,5.0,1.0,2.0,0.0,2.0,2.0,0.0,2.0,1.0,0.0,4.0,2.0,3.0,0.0,1.0
317,3.0,0.0,1.0,0.0,1.0,1.0,1.0,4.0,0.0,1.0,1.0,0.0,5.0,1.0,2.0,0.0,2.0,2.0,0.0,2.0,1.0,0.0,4.0,2.0,3.0,0.0,1.0
318,3.0,0.0,1.0,0.0,1.0,1.0,1.0,4.0,0.0,1.0,1.0,0.0,5.0,1.0,2.0,0.0,2.0,2.0,0.0,2.0,1.0,0.0,4.0,2.0,3.0,0.0,1.0
319,3.0,0.0,1.0,0.0,1.0,1.0,1.0,4.0,0.0,1.0,1.0,0.0,5.0,1.0,2.0,0.0,2.0,2.0,0.0,2.0,1.0,0.0,4.0,3.0,3.0,0.0,1.0
320,3.0,0.0,1.0,0.0,1.0,1.0,1.0,4.0,0.0,1.0,1.0,0.0,5.0,1.0,2.0,0.0,2.0,2.0,0.0,2.0,1.0,0.0,4.0,3.0,3.0,0.0,1.0
321,3.0,0.0,1.0,0.0,1.0,1.0,1.0,4.0,0.0,1.0,1.0,0.0,5.0,1.0,2.0,0.0,2.0,2.0,0.0,2.0,1.0,0.0,4.0,3.0,3.0,0.0,1.0
322,3.0,0.0,2.0,1.0,1.0,1.0,2.0,4.0,0.0,1.0,1.0,0.0,5.0,1.0,2.0,0.0,2.0,2.0,0.0,2.0,1.0,0.0,4.0,3.0,3.0,0.0,1.0
323,3.0,0.0,2.0,1.0,1.0,1.0,2.0,4.0,0.0,1.0,1.0,0.0,5.0,1.0,2.0,0.0,2.0,2.0,0.0,2.0,1.0,0.0,4.0,3.0,3.0,0.0,1.0
324,3.0,0.0,2.0,1.0,1.0,1.0,2.0,4.0,0.0,1.0,1.0,0.0,5.0,1.0,2.0,0.0,2.0,2.0,0.0,2.0,1.0,0.0,4.0,3.0,3.0,0.0,1.0
325,3.0,0.0,2.0,1.0,1.0,1.0,2.0,4.0,0.0,1.0,1.0,0.0,5.0,1.0,2.0,0.0,2.0,2.0,0.0,2.0,1.0,0.0,4.0,3.0,3.0,0.0,1.0
326,3.0,0.0,2.0,1.0,1.0,1.0,2.0,4.0,0.0,1.0,2.0,0.0,5.0,1.0,2.0,0.0,2.0,2.0,0.0,2.0,1.0,0.0,4.0,3.0,3.0,0.0,1.0
327,3.0,0.0,2.0,1.0,1.0,1.0,2.0,4.0,0.0,1.0,2.0,0.0,5.0,1.0,2.0,0.0,2.0,2.0,0.0,2.0,1.0,0.0,4.0,3.0,3.0,0.0,1.0
328,3.0,0.0,2.0,1.0,1.0,1.0,2.0,4.0,0.0,1.0,2.0,0.0,5.0,1.0,2.0,0.0,2.0,2.0,0.0,2.0,1.0,0.0,4.0,3.0,3.0,0.0,1.0
329,3.0,0.0,2.0,1.0,1.0,1.0,2.0,4.0,0.0,1.0,2.0,0.0,5.0,1.0,2.0,0.0,2.0,2.0,0.0,2.0,1.0,0.0,4.0,3.0,3.0,0.0,1.0
330,3.0,0.0,2.0,1.0,1.0,1.0,2.0,4.0,0.0,1.0,2.0,0.0,5.0,1.0,2.0,0.0,2.0,2.0,0.0,2.0,1.0,0.0,4.0,3.0,3.0,0.0,1.0
331,3.0,0.0,2.0,1.0,1.0,1.0,2.0,4.0,0.0,1.0,2.0,0.0,5.0,1.0,2.0,0.0,2.0,2.0,0.0,2.0,1.0,0.0,4.0,3.0,3.0,0.0,1.0
332,3.0,0.0,2.0,1.0,1.0,1.0,2.0,4.0,0.0,1.0,2.0,1.0,5.0,1.0,2.0,0.0,2.0,2.0,0.0,2.0,1.0,0.0,4.0,3.0,3.0,0.0,1.0
333,3.0,0.0,2.0,1.0,1.0,1.0,2.0,4.0,0.0,1.0,2.0,1.0,5.0,1.0,2.0,0.0,2.0,2.0,0.0,2.0,1.0,0.0,4.0,3.0,3.0,0.0,1.0
334,3.0,0.0,2.0,1.0,1.0,1.0,2.0,4.0,0.0,1.0,2.0,1.0,5.0,1.0,2.0,0.0,2.0,2.0,0.0,2.0,1.0,0.0,4.0,3.0,3.0,0.0,1.0
335,4.0,0.0,3.0,1.0,1.0,1.0,2.0,4.0,0.0,1.0,2.0,1.0,5.0,1.0,2.0,0.0,2.0,2.0,0.0,2.0,1.0,0.0,4.0,3.0,3.0,0.0,1.0
336,4.0,0.0,3.0,1.0,1.0,1.0,2.0,4.0,0.0,1.0,2.0,1.0,5.0,1.0,2.0,0.0,2.0,2.0,0.0,2.0,1.0,0.0,4.0,3.0,3.0,0.0,1.0
337,4.0,0.0,3.0,1.0,1.0,1.0,2.0,4.0,0.0,1.0,2.0,1.0,5.0,1.0,2.0,0.0,2.0,2.0,0.0,2.0,1.0,0.0,4.0,3.0,3.0,0.0,1.0
338,4.0,0.0,3.0,1.0,1.0,1.0,2.0,4.0,0.0,1.0,2.0,1.0,5.0,1.0,2.0,0.0,2.0,2.0,0.0,2.0,1.0,0.0,4.0,3.0,3.0,0.0,1.0
339,4.0,0.0,3.0,1.0,1.0,1.0,2.0,4.0,0.0,1.0,2.0,1.0,5.0,1.0,2.0,0.0,2.0,2.0,0.0,2.0,1.0,0.0,4.0,3.0,3.0,0.0,1.0
340,4.0,0.0,3.0,1.0,1.0,1.0,2.0,4.0,0.0,1.0,2.0,1.0,5.0,1.0,2.0,0.0,2.0,2.0,0.0,2.0,1.0,0.0,4.0,3.0,3.0,0.0,1.0
341,4.0,0.0,3.0,1.0,1.0,1.0,2.0,4.0,0.0,1.0,2.0,1.0,5.0,1.0,2.0,0.0,2.0,2.0,0.0,2.0,1.0,0.0,4.0,3.0,3.0,0.0,1.0
342,4.0,0.0,3.0,1.0,1.0,1.0,2.0,4.0,0.0,1.0,2.0,1.0,5.0,1.0,2.0,0.0,2.0,2.0,0.0,2.0,1.0,0.0,4.0,4.0,3.0,0.0,1.0
343,4.0,0.0,3.0,1.0,1.0,1.0,2.0,4.0,0.0,1.0,2.0,1.0,5.0,1.0,2.0,0.0,2.0,2.0,0.0,2.0,1.0,0.0,4.0,4.0,3.0,0.0,1.0
344,4.0,0.0,3.0,1.0,1.0,1.0,2.0,4.0,0.0,1.0,2.0,1.0,5.0,1.0,2.0,0.0,2.0,2.0,0.0,2.0,1.0,0.0,4.0,4.0,3.0,0.0,1.0
345,4.0,0.0,3.0,1.0,1.0,1.0,2.0,4.0,0.0,1.0,2.0,1.0,5.0,1.0,2.0,0.0,2.0,2.0,0.0,2.0,1.0,0.0,4.0,4.0,3.0,0.0,1.0
346,4.0,0.0,3.0,1.0,1.0,1.0,2.0,4.0,0.0,1.0,2.0,1.0,5.0,1.0,2.0,0.0,2.0,2.0,0.0,2.0,1.0,0.0,4.0,4.0,3.0,0.0,1.0
348,4.0,0.0,3.0,1.0,1.0,1.0,2.0,4.0,0.0,1.0,2.0,1.0,5.0,1.0,2.0,0.0,2.0,2.0,0.0,2.0,1.0,0.0,4.0,4.0,3.0,0.0,1.0
349,4.0,0.0,3.0,1.0,1.0,1.0,2.0,4.0,0.0,1.0,2.0,1.0,5.0,1.0,2.0,0.0,2.0,2.0,0.0,2.0,1.0,0.0,4.0,4.0,3.0,0.0,1.0
350,4.0,0.0,3.0,1.0,1.0,1.0,2.0,4.0,0.0,1.0,2.0,1.0,5.0,1.0,2.0,0.0,2.0,2.0,0.0,2.0,1.0,0.0,4.0,4.0,3.0,0.0,1.0
351,4.0,0.0,3.0,1.0,1.0,1.0,2.0,4.0,0.0,1.0,2.0,1.0,5.0,1.0,2.0,0.0,2.0,2.0,0.0,2.0,1.0,0.0,4.0,4.0,3.0,0.0,1.0
352,4.0,0.0,3.0,1.0,1.0,1.0,2.0,4.0,0.0,1.0,2.0,1.0,5.0,1.0,2.0,0.0,2.0,2.0,0.0,2.0,1.0,0.0,4.0,4.0,3.0,0.0,1.0
353,4.0,0.0,3.0,1.0,1.0,1.0,2.0,4.0,0.0,1.0,2.0,1.0,5.0,1.0,2.0,0.0,2.0,2.0,0.0,2.0,1.0,0.0,4.0,4.0,3.0,0.0,1.0
354,4.0,0.0,3.0,1.0,1.0,1.0,2.0,4.0,0.0,1.0,2.0,1.0,5.0,1.0,2.0,0.0,2.0,2.0,0.0,2.0,1.0,0.0,4.0,4.0,3.0,0.0,1.0
355,4.0,0.0,3.0,1.0,1.0,1.0,2.0,4.0,0.0,1.0,2.0,1.0,5.0,1.0,2.0,0.0,2.0,2.0,0.0,2.0,1.0,0.0,4.0,4.0,3.0,0.0,1.0
356,4.0,0.0,3.0,1.0,1.0,1.0,2.0,4.0,0.0,1.0,2.0,1.0,5.0,1.0,2.0,0.0,2.0,2.0,0.0,2.0,1.0,0.0,4.0,4.0,3.0,0.0,1.0
357,4.0,0.0,3.0,1.0,1.0,1.0,2.0,4.0,0.0,1.0,2.0,1.0,5.0,1.0,2.0,0.0,2.0,2.0,0.0,2.0,1.0,0.0,4.0,4.0,3.0,0.0,1.0
358,4.0,0.0,3.0,1.0,1.0,1.0,2.0,4.0,0.0,1.0,2.0,1.0,5.0,1.0,2.0,0.0,2.0,2.0,0.0,2.0,1.0,0.0,4.0,4.0,3.0,0.0,1.0
359,4.0,0.0,3.0,1.0,1.0,1.0,2.0,4.0,0.0,1.0,2.0,1.0,5.0,1.0,2.0,0.0,2.0,2.0,0.0,2.0,1.0,0.0,4.0,4.0,3.0,0.0,1.0
360,4.0,0.0,3.0,1.0,1.0,1.0,2.0,4.0,0.0,1.0,2.0,1.0,5.0,1.0,2.0,0.0,2.0,2.0,0.0,2.0,1.0,0.0,4.0,4.0,3.0,0.0,1.0
361,4.0,0.0,3.0,1.0,1.0,1.0,2.0,4.0,0.0,1.0,2.0,1.0,5.0,1.0,2.0,0.0,2.0,2.0,0.0,2.0,1.0,0.0,4.0,4.0,3.0,0.0,1.0
362,4.0,0.0,3.0,1.0,1.0,1.0,2.0,4.0,0.0,1.0,2.0,1.0,5.0,1.0,2.0,0.0,2.0,2.0,0.0,2.0,1.0,0.0,4.0,4.0,3.0,0.0,1.0
363,4.0,0.0,3.0,1.0,1.0,1.0,2.0,4.0,0.0,1.0,2.0,1.0,5.0,1.0,2.0,0.0,2.0,2.0,0.0,2.0,1.0,0.0,4.0,4.0,3.0,0.0,1.0
364,4.0,0.0,3.0,1.0,1.0,1.0,2.0,4.0,0.0,1.0,2.0,1.0,5.0,1.0,2.0,0.0,2.0,2.0,0.0,2.0,1.0,0.0,4.0,4.0,3.0,0.0,1.0
365,4.0,0.0,3.0,1.0,1.0,1.0,2.0,4.0,0.0,1.0,2.0,1.0,5.0,1.0,2.0,0.0,2.0,2.0,0.0,2.0,1.0,0.0,4.0,4.0,3.0,0.0,1.0
366,4.0,0.0,3.0,1.0,1.0,1.0,2.0,4.0,0.0,1.0,2.0,1.0,5.0,1.0,2.0,0.0,2.0,2.0,0.0,2.0,1.0,0.0,4.0,4.0,3.0,0.0,1.0
367,4.0,0.0,3.0,1.0,1.0,1.0,2.0,4.0,0.0,1.0,2.0,1.0,5.0,1.0,2.0,0.0,2.0,2.0,0.0,2.0,1.0,0.0,4.0,4.0,3.0,0.0,1.0
368,4.0,0.0,3.0,1.0,1.0,1.0,2.0,4.0,0.0,1.0,2.0,1.0,5.0,1.0,2.0,0.0,2.0,2.0,0.0,2.0,1.0,0.0,4.0,4.0,3.0,0.0,1.0
369,4.0,0.0,3.0,1.0,1.0,1.0,2.0,4.0,0.0,1.0,2.0,1.0,5.0,1.0,2.0,0.0,2.0,2.0,0.0,2.0,1.0,0.0,4.0,4.0,3.0,0.0,1.0
370,4.0,0.0,3.0,1.0,1.0,1.0,2.0,4.0,0.0,1.0,2.0,1.0,5.0,1.0,2.0,0.0,2.0,2.0,0.0,2.0,1.0,0.0,4.0,4.0,3.0,0.0,1.0
371,4.0,0.0,3.0,1.0,1.0,1.0,2.0,4.0,0.0,1.0,2.0,1.0,5.0,1.0,2.0,0.0,2.0,2.0,0.0,2.0,1.0,0.0,4.0,4.0,3.0,0.0,1.0
372,4.0,0.0,3.0,1.0,1.0,1.0,2.0,4.0,0.0,1.0,2.0,1.0,5.0,1.0,2.0,0.0,2.0,2.0,0.0,2.0,1.0,0.0,4.0,4.0,3.0,0.0,1.0
373,4.0,0.0,3.0,1.0,1.0,1.0,2.0,4.0,0.0,1.0,2.0,1.0,5.0,1.0,2.0,0.0,2.0,2.0,0.0,2.0,1.0,0.0,4.0,4.0,3.0,0.0,1.0
374,4.0,0.0,3.0,1.0,1.0,1.0,2.0,4.0,0.0,1.0,2.0,1.0,5.0,1.0,2.0,0.0,2.0,2.0,0.0,2.0,1.0,0.0,4.0,4.0,3.0,0.0,1.0
375,4.0,0.0,3.0,1.0,1.0,1.0,2.0,4.0,0.0,1.0,2.0,1.0,5.0,1.0,2.0,0.0,2.0,2.0,0.0,2.0,1.0,0.0,4.0,4.0,3.0,0.0,1.0
376,4.0,0.0,3.0,1.0,1.0,1.0,2.0,4.0,0.0,1.0,2.0,1.0,5.0,1.0,2.0,0.0,2.0,2.0,0.0,2.0,1.0,0.0,4.0,4.0,3.0,0.0,1.0
377,4.0,0.0,3.0,1.0,1.0,1.0,2.0,4.0,0.0,1.0,2.0,1.0,5.0,1.0,2.0,0.0,2.0,2.0,0.0,2.0,1.0,0.0,4.0,4.0,3.0,0.0,1.0
378,4.0,0.0,3.0,1.0,1.0,1.0,2.0,4.0,0.0,1.0,2.0,1.0,5.0,1.0,2.0,0.0,2.0,2.0,0.0,2.0,1.0,0.0,4.0,4.0,3.0,0.0,1.0
379,4.0,0.0,3.0,1.0,1.0,1.0,2.0,4.0,0.0,1.0,2.0,1.0,5.0,1.0,2.0,0.0,2.0,2.0,0.0,2.0,1.0,0.0,4.0,4.0,3.0,0.0,1.0
380,4.0,0.0,3.0,1.0,1.0,1.0,2.0,4.0,0.0,1.0,2.0,1.0,5.0,1.0,2.0,0.0,2.0,2.0,0.0,2.0,1.0,0.0,4.0,4.0,3.0,0.0,1.0
381,4.0,0.0,3.0,1.0,1.0,1.0,2.0,4.0,0.0,1.0,2.0,1.0,5.0,1.0,2.0,0.0,2.0,2.0,0.0,2.0,1.0,0.0,4.0,4.0,3.0,0.0,1.0
382,4.0,0.0,3.0,1.0,1.0,1.0,2.0,4.0,0.0,1.0,2.0,1.0,5.0,1.0,2.0,0.0,2.0,2.0,0.0,2.0,1.0,0.0,4.0,4.0,3.0,0.0,1.0
383,4.0,0.0,3.0,1.0,1.0,1.0,2.0,4.0,0.0,1.0,2.0,1.0,5.0,1.0,2.0,0.0,2.0,2.0,0.0,2.0,1.0,0.0,4.0,4.0,3.0,0.0,1.0
384,4.0,0.0,3.0,1.0,1.0,1.0,2.0,4.0,0.0,1.0,2.0,1.0,5.0,1.0,2.0,0.0,2.0,2.0,0.0,2.0,1.0,0.0,4.0,4.0,3.0,0.0,1.0
385,4.0,0.0,3.0,1.0,1.0,1.0,2.0,4.0,0.0,1.0,2.0,1.0,5.0,1.0,2.0,0.0,2.0,2.0,0.0,2.0,1.0,0.0,4.0,4.0,3.0,0.0,1.0
386,4.0,0.0,3.0,1.0,1.0,1.0,2.0,4.0,0.0,1.0,2.0,1.0,5.0,1.0,2.0,0.0,2.0,2.0,0.0,2.0,1.0,0.0,4.0,4.0,3.0,0.0,1.0
387,4.0,0.0,3.0,1.0,1.0,1.0,2.0,4.0,0.0,1.0,2.0,1.0,5.0,1.0,2.0,0.0,2.0,2.0,0.0,2.0,1.0,0.0,4.0,4.0,3.0,0.0,1.0
388,4.0,0.0,3.0,1.0,1.0,1.0,2.0,4.0,0.0,1.0,2.0,1.0,5.0,1.0,2.0,0.0,2.0,2.0,0.0,2.0,1.0,0.0,4.0,4.0,3.0,0.0,1.0
389,4.0,0.0,3.0,1.0,1.0,1.0,2.0,4.0,0.0,1.0,2.0,1.0,5.0,1.0,2.0,0.0,2.0,2.0,0.0,2.0,1.0,0.0,4.0,4.0,3.0,0.0,1.0
390,4.0,0.0,3.0,1.0,1.0,1.0,2.0,4.0,0.0,1.0,2.0,1.0,5.0,1.0,2.0,0.0,2.0,2.0,0.0,2.0,1.0,0.0,4.0,4.0,3.0,0.0,1.0
391,4.0,0.0,3.0,1.0,1.0,1.0,2.0,4.0,0.0,1.0,2.0,1.0,5.0,1.0,2.0,0.0,2.0,2.0,0.0,2.0,1.0,0.0,4.0,4.0,3.0,0.0,1.0
392,4.0,0.0,3.0,1.0,1.0,1.0,2.0,4.0,0.0,1.0,2.0,1.0,5.0,1.0,2.0,0.0,2.0,2.0,0.0,2.0,1.0,0.0,4.0,4.0,3.0,0.0,1.0
393,4.0,0.0,3.0,1.0,1.0,1.0,2.0,4.0,0.0,1.0,2.0,1.0,5.0,1.0,2.0,0.0,2.0,2.0,0.0,2.0,1.0,0.0,4.0,4.0,3.0,0.0,1.0
394,4.0,0.0,3.0,1.0,1.0,1.0,2.0,4.0,0.0,1.0,2.0,1.0,5.0,1.0,2.0,0.0,2.0,2.0,0.0,2.0,1.0,0.0,4.0,4.0,3.0,0.0,1.0
395,4.0,0.0,3.0,1.0,1.0,1.0,2.0,4.0,0.0,1.0,2.0,1.0,5.0,1.0,2.0,0.0,2.0,2.0,0.0,2.0,1.0,0.0,4.0,4.0,3.0,0.0,1.0
396,4.0,0.0,3.0,1.0,1.0,1.0,2.0,4.0,0.0,1.0,2.0,1.0,5.0,1.0,2.0,0.0,2.0,2.0,0.0,2.0,1.0,0.0,4.0,4.0,3.0,0.0,1.0
397,4.0,0.0,3.0,1.0,1.0,1.0,2.0,4.0,0.0,1.0,2.0,1.0,5.0,1.0,2.0,0.0,2.0,2.0,0.0,2.0,1.0,0.0,4.0,4.0,3.0,0.0,1.0
398,4.0,0.0,3.0,1.0,1.0,1.0,2.0,4.0,0.0,1.0,2.0,1.0,5.0,1.0,2.0,0.0,2.0,2.0,0.0,2.0,1.0,0.0,4.0,4.0,3.0,0.0,1.0
399,4.0,0.0,3.0,1.0,1.0,1.0,2.0,4.0,0.0,1.0,2.0,1.0,5.0,1.0,2.0,0.0,2.0,2.0,0.0,2.0,1.0,0.0,4.0,4.0,3.0,0.0,1.0
400,4.0,0.0,3.0,1.0,1.0,1.0,2.0,4.0,0.0,1.0,2.0,1.0,5.0,1.0,2.0,0.0,2.0,2.0,0.0,2.0,1.0,0.0,4.0,4.0,3.0,0.0,1.0
401,4.0,0.0,3.0,1.0,1.0,1.0,2.0,4.0,0.0,1.0,2.0,1.0,5.0,1.0,2.0,0.0,2.0,2.0,0.0,2.0,1.0,0.0,4.0,4.0,3.0,0.0,1.0
402,4.0,0.0,3.0,1.0,1.0,1.0,2.0,4.0,0.0,1.0,2.0,1.0,5.0,1.0,2.0,0.0,2.0,2.0,0.0,2.0,1.0,0.0,4.0,4.0,3.0,0.0,1.0
403,4.0,0.0,3.0,1.0,1.0,1.0,2.0,4.0,0.0,1.0,2.0,1.0,5.0,1.0,2.0,0.0,2.0,2.0,0.0,2.0,1.0,0.0,4.0,4.0,3.0,0.0,1.0
404,4.0,0.0,3.0,1.0,1.0,1.0,2.0,4.0,0.0,1.0,2.0,1.0,5.0,1.0,2.0,0.0,2.0,2.0,0.0,2.0,1.0,0.0,4.0,4.0,3.0,0.0,1.0
405,4.0,0.0,3.0,1.0,1.0,1.0,2.0,4.0,0.0,1.0,2.0,1.0,5.0,1.0,2.0,0.0,2.0,2.0,0.0,2.0,1.0,0.0,4.0,4.0,3.0,0.0,1.0
406,4.0,0.0,3.0,1.0,1.0,1.0,2.0,4.0,0.0,1.0,2.0,1.0,5.0,1.0,2.0,0.0,2.0,2.0,0.0,2.0,1.0,0.0,4.0,4.0,3.0,0.0,1.0
407,4.0,0.0,3.0,1.0,1.0,1.0,2.0,4.0,0.0,1.0,2.0,1.0,5.0,1.0,2.0,0.0,2.0,2.0,0.0,2.0,1.0,0.0,4.0,4.0,3.0,0.0,1.0
408,4.0,0.0,3.0,1.0,1.0,1.0,2.0,4.0,0.0,1.0,2.0,1.0,5.0,1.0,2.0,0.0,2.0,2.0,0.0,2.0,1.0,0.0,4.0,4.0,3.0,0.0,1.0
409,4.0,0.0,3.0,1.0,1.0,1.0,2.0,4.0,0.0,1.0,2.0,1.0,5.0,1.0,2.0,0.0,2.0,2.0,0.0,2.0,1.0,0.0,4.0,4.0,3.0,0.0,1.0
410,4.0,0.0,3.0,1.0,1.0,1.0,2.0,5.0,0.0,1.0,2.0,1.0,5.0,1.0,2.0,0.0,2.0,2.0,0.0,2.0,1.0,0.0,4.0,4.0,3.0,0.0,1.0
411,4.0,0.0,3.0,1.0,1.0,1.0,2.0,5.0,0.0,1.0,2.0,1.0,5.0,1.0,2.0,0.0,2.0,2.0,0.0,2.0,1.0,0.0,4.0,4.0,3.0,0.0,1.0
412,4.0,0.0,3.0,1.0,1.0,1.0,2.0,6.0,0.0,1.0,2.0,1.0,5.0,1.0,2.0,0.0,2.0,2.0,0.0,2.0,1.0,0.0,4.0,4.0,3.0,0.0,1.0
413,4.0,0.0,3.0,1.0,1.0,1.0,2.0,6.0,0.0,1.0,2.0,1.0,5.0,1.0,2.0,0.0,2.0,2.0,0.0,2.0,1.0,0.0,4.0,4.0,3.0,0.0,1.0
414,4.0,0.0,3.0,1.0,1.0,1.0,2.0,6.0,0.0,1.0,2.0,1.0,5.0,1.0,2.0,0.0,2.0,2.0,0.0,2.0,1.0,0.0,4.0,4.0,3.0,0.0,1.0
415,4.0,0.0,3.0,1.0,1.0,1.0,2.0,6.0,0.0,1.0,2.0,1.0,5.0,1.0,2.0,0.0,2.0,2.0,0.0,2.0,1.0,0.0,4.0,4.0,3.0,0.0,1.0
416,4.0,0.0,3.0,1.0,1.0,1.0,2.0,6.0,0.0,1.0,2.0,1.0,5.0,1.0,2.0,0.0,2.0,2.0,0.0,2.0,1.0,0.0,4.0,4.0,3.0,0.0,1.0
417,4.0,0.0,3.0,1.0,1.0,1.0,2.0,6.0,0.0,1.0,2.0,1.0,5.0,1.0,2.0,0.0,2.0,2.0,0.0,2.0,1.0,0.0,4.0,4.0,3.0,0.0,1.0
418,4.0,0.0,3.0,1.0,1.0,1.0,2.0,6.0,0.0,1.0,2.0,1.0,5.0,1.0,2.0,0.0,2.0,2.0,0.0,2.0,1.0,0.0,4.0,4.0,3.0,0.0,1.0
419,4.0,0.0,3.0,1.0,1.0,1.0,2.0,6.0,0.0,1.0,2.0,1.0,5.0,1.0,2.0,0.0,2.0,2.0,1.0,2.0,1.0,0.0,4.0,4.0,3.0,0.0,1.0
420,4.0,0.0,3.0,1.0,1.0,1.0,2.0,6.0,0.0,1.0,2.0,1.0,5.0,1.0,2.0,0.0,2.0,2.0,1.0,2.0,1.0,0.0,4.0,5.0,3.0,0.0,1.0
421,4.0,0.0,3.0,1.0,1.0,1.0,2.0,6.0,0.0,1.0,2.0,1.0,5.0,1.0,2.0,0.0,2.0,2.0,1.0,2.0,1.0,0.0,4.0,5.0,3.0,0.0,1.0
422,4.0,0.0,3.0,1.0,1.0,1.0,2.0,6.0,0.0,1.0,2.0,1.0,5.0,1.0,2.0,0.0,2.0,2.0,1.0,2.0,1.0,0.0,4.0,5.0,3.0,0.0,1.0
423,4.0,0.0,3.0,1.0,1.0,1.0,2.0,6.0,0.0,1.0,2.0,1.0,5.0,1.0,2.0,0.0,2.0,2.0,1.0,2.0,1.0,0.0,4.0,5.0,3.0,0.0,1.0
424,4.0,0.0,3.0,1.0,1.0,1.0,2.0,6.0,0.0,1.0,2.0,1.0,5.0,1.0,2.0,0.0,2.0,2.0,1.0,2.0,1.0,0.0,4.0,5.0,3.0,0.0,1.0
425,4.0,0.0,3.0,1.0,1.0,1.0,2.0,6.0,0.0,1.0,2.0,1.0,5.0,1.0,2.0,0.0,2.0,2.0,1.0,2.0,1.0,0.0,4.0,5.0,3.0,0.0,1.0
426,4.0,0.0,3.0,1.0,1.0,1.0,2.0,6.0,0.0,1.0,2.0,1.0,5.0,1.0,2.0,0.0,2.0,2.0,1.0,2.0,1.0,0.0,4.0,5.0,3.0,0.0,1.0
427,4.0,0.0,3.0,1.0,1.0,1.0,2.0,6.0,0.0,1.0,2.0,1.0,5.0,1.0,2.0,0.0,2.0,2.0,1.0,2.0,1.0,0.0,4.0,5.0,3.0,0.0,1.0
428,4.0,0.0,3.0,1.0,1.0,1.0,2.0,6.0,0.0,1.0,2.0,1.0,5.0,1.0,2.0,0.0,2.0,2.0,1.0,2.0,1.0,0.0,4.0,5.0,3.0,0.0,1.0
429,4.0,0.0,3.0,1.0,1.0,1.0,2.0,6.0,0.0,1.0,2.0,1.0,5.0,1.0,2.0,0.0,2.0,2.0,1.0,2.0,1.0,0.0,4.0,5.0,3.0,0.0,1.0
430,4.0,0.0,3.0,1.0,1.0,1.0,2.0,6.0,0.0,1.0,2.0,1.0,5.0,1.0,2.0,0.0,2.0,2.0,1.0,2.0,1.0,0.0,4.0,5.0,3.0,0.0,1.0
431,4.0,0.0,3.0,1.0,1.0,1.0,2.0,6.0,0.0,1.0,2.0,1.0,5.0,1.0,2.0,0.0,2.0,2.0,1.0,2.0,1.0,0.0,4.0,5.0,3.0,0.0,1.0
432,4.0,0.0,3.0,1.0,1.0,1.0,2.0,6.0,0.0,1.0,2.0,1.0,5.0,1.0,2.0,0.0,2.0,2.0,1.0,2.0,1.0,0.0,4.0,5.0,3.0,0.0,1.0
433,4.0,0.0,3.0,1.0,1.0,1.0,2.0,6.0,0.0,1.0,2.0,1.0,5.0,1.0,2.0,0.0,2.0,2.0,1.0,2.0,1.0,0.0,4.0,5.0,3.0,0.0,1.0
434,4.0,0.0,3.0,1.0,1.0,1.0,2.0,6.0,0.0,1.0,2.0,1.0,5.0,1.0,2.0,0.0,2.0,2.0,1.0,2.0,1.0,0.0,4.0,5.0,3.0,0.0,1.0
435,4.0,0.0,3.0,1.0,1.0,1.0,2.0,6.0,0.0,1.0,2.0,1.0,5.0,1.0,2.0,0.0,2.0,2.0,1.0,2.0,1.0,0.0,4.0,5.0,3.0,0.0,1.0
436,4.0,0.0,3.0,1.0,1.0,1.0,2.0,6.0,0.0,1.0,2.0,1.0,5.0,1.0,2.0,0.0,2.0,2.0,1.0,2.0,1.0,0.0,5.0,5.0,3.0,0.0,1.0
437,4.0,0.0,3.0,1.0,1.0,1.0,2.0,6.0,0.0,1.0,2.0,1.0,5.0,1.0,2.0,0.0,2.0,2.0,1.0,2.0,1.0,0.0,5.0,5.0,3.0,0.0,1.0
438,4.0,0.0,3.0,1.0,1.0,1.0,2.0,6.0,0.0,1.0,2.0,1.0,5.0,1.0,2.0,0.0,2.0,2.0,1.0,2.0,1.0,0.0,5.0,5.0,3.0,0.0,1.0
439,4.0,0.0,3.0,1.0,1.0,1.0,2.0,6.0,0.0,1.0,2.0,1.0,5.0,1.0,2.0,0.0,2.0,3.0,1.0,2.0,1.0,0.0,5.0,5.0,3.0,0.0,1.0
440,4.0,0.0,3.0,1.0,1.0,1.0,2.0,6.0,0.0,1.0,2.0,1.0,5.0,1.0,2.0,0.0,2.0,3.0,1.0,2.0,1.0,0.0,5.0,5.0,3.0,0.0,1.0
441,4.0,0.0,3.0,1.0,1.0,1.0,2.0,6.0,0.0,1.0,2.0,1.0,5.0,1.0,2.0,0.0,2.0,3.0,1.0,2.0,1.0,0.0,5.0,5.0,3.0,0.0,1.0
442,4.0,0.0,3.0,1.0,1.0,1.0,2.0,6.0,0.0,1.0,2.0,1.0,5.0,1.0,2.0,0.0,2.0,3.0,1.0,2.0,1.0,0.0,5.0,5.0,3.0,0.0,1.0
443,4.0,0.0,3.0,1.0,1.0,1.0,2.0,6.0,0.0,1.0,2.0,1.0,5.0,1.0,2.0,0.0,2.0,3.0,1.0,2.0,1.0,0.0,5.0,5.0,3.0,0.0,1.0
444,4.0,0.0,3.0,1.0,1.0,1.0,2.0,6.0,0.0,1.0,2.0,1.0,5.0,1.0,2.0,0.0,2.0,3.0,1.0,2.0,1.0,0.0,5.0,5.0,3.0,0.0,1.0
445,4.0,0.0,3.0,1.0,1.0,1.0,2.0,6.0,0.0,1.0,2.0,1.0,5.0,1.0,2.0,0.0,2.0,3.0,1.0,2.0,1.0,0.0,5.0,5.0,3.0,0.0,1.0
446,4.0,0.0,3.0,1.0,1.0,1.0,2.0,6.0,0.0,1.0,2.0,1.0,5.0,1.0,2.0,0.0,2.0,3.0,2.0,2.0,1.0,0.0,5.0,5.0,3.0,0.0,1.0
447,4.0,0.0,3.0,1.0,1.0,1.0,2.0,6.0,0.0,1.0,2.0,1.0,5.0,1.0,2.0,0.0,2.0,3.0,2.0,2.0,1.0,0.0,5.0,5.0,3.0,0.0,1.0
448,4.0,0.0,3.0,1.0,1.0,1.0,2.0,6.0,0.0,1.0,2.0,1.0,5.0,1.0,2.0,0.0,2.0,3.0,2.0,2.0,1.0,0.0,5.0,5.0,3.0,0.0,1.0
449,4.0,0.0,3.0,1.0,1.0,1.0,2.0,6.0,0.0,1.0,2.0,1.0,5.0,1.0,2.0,0.0,2.0,3.0,2.0,2.0,1.0,0.0,5.0,5.0,3.0,0.0,1.0
450,4.0,0.0,3.0,1.0,1.0,1.0,2.0,6.0,0.0,1.0,2.0,1.0,5.0,1.0,2.0,0.0,2.0,3.0,2.0,2.0,1.0,0.0,5.0,5.0,3.0,0.0,1.0
451,4.0,0.0,3.0,1.0,1.0,1.0,2.0,6.0,0.0,1.0,2.0,1.0,5.0,1.0,2.0,0.0,2.0,3.0,2.0,2.0,1.0,0.0,5.0,5.0,3.0,0.0,1.0
452,4.0,0.0,3.0,1.0,1.0,1.0,2.0,6.0,0.0,1.0,2.0,1.0,5.0,1.0,2.0,0.0,2.0,3.0,2.0,2.0,1.0,0.0,5.0,5.0,3.0,0.0,1.0
453,4.0,0.0,3.0,1.0,1.0,1.0,2.0,6.0,0.0,1.0,2.0,1.0,5.0,1.0,2.0,0.0,2.0,3.0,2.0,2.0,1.0,0.0,5.0,5.0,3.0,0.0,1.0
454,4.0,0.0,3.0,1.0,1.0,1.0,2.0,6.0,0.0,1.0,2.0,1.0,5.0,1.0,2.0,0.0,2.0,3.0,2.0,2.0,1.0,0.0,5.0,5.0,3.0,0.0,1.0
455,4.0,0.0,3.0,1.0,1.0,1.0,2.0,6.0,0.0,1.0,2.0,1.0,5.0,1.0,2.0,0.0,2.0,3.0,2.0,2.0,1.0,0.0,5.0,5.0,3.0,0.0,1.0
456,4.0,0.0,3.0,1.0,1.0,1.0,2.0,6.0,0.0,1.0,2.0,2.0,5.0,1.0,2.0,0.0,2.0,3.0,3.0,2.0,1.0,0.0,5.0,5.0,3.0,0.0,1.0
457,4.0,0.0,3.0,1.0,1.0,1.0,2.0,6.0,0.0,1.0,2.0,2.0,5.0,1.0,2.0,0.0,2.0,3.0,3.0,2.0,1.0,0.0,5.0,5.0,3.0,0.0,1.0
458,4.0,0.0,3.0,1.0,1.0,1.0,2.0,6.0,0.0,1.0,2.0,2.0,5.0,1.0,2.0,0.0,2.0,3.0,3.0,2.0,1.0,0.0,5.0,5.0,3.0,0.0,1.0
459,4.0,0.0,3.0,1.0,1.0,1.0,2.0,6.0,0.0,1.0,2.0,2.0,5.0,1.0,2.0,0.0,2.0,3.0,3.0,2.0,1.0,0.0,5.0,5.0,3.0,0.0,1.0
460,4.0,0.0,3.0,1.0,1.0,1.0,2.0,6.0,0.0,1.0,2.0,2.0,5.0,1.0,2.0,0.0,2.0,3.0,3.0,2.0,1.0,0.0,5.0,5.0,3.0,0.0,1.0
461,4.0,0.0,3.0,1.0,1.0,1.0,2.0,6.0,0.0,1.0,2.0,2.0,5.0,1.0,2.0,0.0,2.0,3.0,3.0,2.0,1.0,0.0,5.0,5.0,3.0,0.0,1.0
462,4.0,0.0,3.0,1.0,1.0,1.0,2.0,6.0,0.0,1.0,2.0,2.0,5.0,1.0,2.0,0.0,2.0,3.0,3.0,2.0,1.0,0.0,5.0,5.0,3.0,0.0,1.0
464,4.0,0.0,3.0,1.0,1.0,1.0,2.0,6.0,0.0,1.0,2.0,2.0,5.0,1.0,2.0,0.0,2.0,3.0,3.0,2.0,1.0,0.0,5.0,5.0,3.0,0.0,1.0
465,4.0,0.0,3.0,1.0,1.0,1.0,2.0,6.0,0.0,1.0,2.0,2.0,5.0,1.0,2.0,0.0,2.0,3.0,3.0,2.0,1.0,0.0,5.0,5.0,4.0,0.0,1.0
466,4.0,0.0,3.0,1.0,1.0,1.0,2.0,6.0,0.0,1.0,2.0,2.0,5.0,1.0,2.0,0.0,2.0,3.0,3.0,2.0,1.0,0.0,5.0,5.0,4.0,0.0,1.0
467,4.0,0.0,3.0,1.0,1.0,1.0,2.0,6.0,0.0,1.0,2.0,2.0,5.0,1.0,2.0,0.0,2.0,3.0,3.0,2.0,1.0,0.0,5.0,5.0,4.0,0.0,1.0
468,4.0,0.0,3.0,1.0,1.0,1.0,2.0,6.0,0.0,1.0,2.0,2.0,5.0,1.0,2.0,0.0,2.0,3.0,3.0,2.0,1.0,0.0,5.0,5.0,4.0,0.0,1.0
469,4.0,0.0,3.0,1.0,1.0,1.0,2.0,6.0,0.0,1.0,2.0,2.0,5.0,1.0,2.0,0.0,2.0,3.0,3.0,2.0,1.0,0.0,5.0,5.0,4.0,0.0,1.0
470,4.0,0.0,3.0,1.0,1.0,1.0,2.0,6.0,0.0,1.0,2.0,2.0,5.0,1.0,2.0,0.0,2.0,3.0,3.0,2.0,1.0,0.0,5.0,5.0,4.0,0.0,1.0
471,4.0,0.0,3.0,1.0,1.0,1.0,2.0,6.0,0.0,1.0,2.0,2.0,5.0,1.0,2.0,0.0,2.0,3.0,3.0,2.0,1.0,0.0,5.0,5.0,4.0,0.0,1.0
472,4.0,0.0,3.0,1.0,1.0,1.0,2.0,6.0,0.0,1.0,2.0,2.0,5.0,1.0,2.0,0.0,2.0,3.0,3.0,2.0,1.0,0.0,5.0,5.0,4.0,0.0,1.0
473,4.0,0.0,3.0,1.0,1.0,1.0,2.0,6.0,0.0,1.0,2.0,2.0,5.0,1.0,2.0,0.0,2.0,3.0,3.0,2.0,1.0,0.0,5.0,5.0,4.0,0.0,1.0
474,4.0,0.0,3.0,1.0,1.0,1.0,2.0,6.0,0.0,1.0,2.0,2.0,5.0,1.0,2.0,0.0,2.0,3.0,3.0,2.0,1.0,0.0,5.0,5.0,4.0,0.0,1.0
475,4.0,0.0,3.0,1.0,1.0,1.0,2.0,6.0,0.0,1.0,2.0,2.0,5.0,1.0,2.0,0.0,2.0,3.0,3.0,2.0,1.0,0.0,5.0,5.0,4.0,0.0,1.0
476,4.0,0.0,3.0,1.0,1.0,1.0,2.0,6.0,0.0,1.0,2.0,2.0,5.0,1.0,2.0,0.0,2.0,3.0,3.0,2.0,1.0,0.0,5.0,5.0,4.0,0.0,1.0
477,4.0,0.0,3.0,1.0,1.0,1.0,2.0,6.0,0.0,1.0,2.0,2.0,5.0,1.0,2.0,0.0,2.0,3.0,3.0,2.0,1.0,0.0,5.0,5.0,4.0,0.0,1.0
478,4.0,0.0,3.0,1.0,1.0,1.0,2.0,6.0,0.0,1.0,2.0,2.0,5.0,1.0,2.0,0.0,2.0,3.0,3.0,2.0,1.0,0.0,5.0,5.0,4.0,0.0,1.0
479,4.0,0.0,3.0,1.0,1.0,1.0,2.0,6.0,0.0,1.0,2.0,2.0,5.0,1.0,2.0,0.0,2.0,3.0,3.0,2.0,1.0,0.0,5.0,5.0,4.0,0.0,1.0
480,4.0,0.0,3.0,1.0,1.0,1.0,2.0,6.0,0.0,1.0,2.0,2.0,5.0,1.0,2.0,0.0,2.0,3.0,3.0,2.0,1.0,0.0,5.0,5.0,4.0,0.0,1.0
481,4.0,0.0,3.0,1.0,1.0,1.0,2.0,6.0,0.0,1.0,2.0,2.0,5.0,1.0,2.0,0.0,2.0,3.0,3.0,2.0,1.0,0.0,5.0,5.0,4.0,0.0,1.0
482,4.0,0.0,3.0,1.0,1.0,1.0,2.0,6.0,0.0,1.0,2.0,2.0,5.0,1.0,2.0,0.0,2.0,3.0,3.0,2.0,1.0,0.0,5.0,5.0,4.0,0.0,1.0
483,4.0,0.0,3.0,1.0,1.0,1.0,2.0,6.0,0.0,1.0,2.0,2.0,5.0,1.0,2.0,0.0,2.0,3.0,3.0,2.0,1.0,0.0,5.0,5.0,4.0,0.0,1.0
484,4.0,0.0,3.0,1.0,1.0,1.0,2.0,6.0,0.0,1.0,2.0,2.0,5.0,1.0,2.0,0.0,2.0,3.0,3.0,2.0,1.0,0.0,5.0,5.0,4.0,0.0,1.0
485,4.0,0.0,3.0,1.0,1.0,1.0,2.0,6.0,0.0,1.0,2.0,2.0,5.0,1.0,2.0,0.0,2.0,3.0,3.0,2.0,1.0,0.0,5.0,5.0,4.0,0.0,1.0
486,4.0,0.0,3.0,1.0,1.0,1.0,2.0,6.0,0.0,1.0,2.0,2.0,5.0,1.0,2.0,0.0,2.0,3.0,3.0,2.0,1.0,0.0,5.0,5.0,4.0,0.0,1.0
487,4.0,0.0,3.0,1.0,1.0,1.0,2.0,6.0,0.0,1.0,2.0,2.0,5.0,1.0,2.0,0.0,2.0,3.0,3.0,2.0,1.0,0.0,5.0,5.0,4.0,0.0,1.0
488,4.0,0.0,3.0,1.0,1.0,1.0,2.0,6.0,0.0,1.0,2.0,2.0,5.0,1.0,2.0,0.0,2.0,3.0,3.0,2.0,1.0,0.0,5.0,5.0,4.0,0.0,1.0
489,4.0,0.0,3.0,1.0,1.0,1.0,2.0,6.0,0.0,1.0,2.0,2.0,5.0,1.0,2.0,0.0,2.0,3.0,3.0,2.0,1.0,0.0,5.0,5.0,4.0,0.0,1.0
490,4.0,0.0,3.0,1.0,1.0,1.0,2.0,6.0,0.0,1.0,2.0,2.0,5.0,1.0,2.0,0.0,2.0,3.0,3.0,2.0,1.0,0.0,5.0,5.0,4.0,0.0,1.0
491,4.0,0.0,3.0,1.0,1.0,1.0,2.0,6.0,0.0,1.0,2.0,2.0,5.0,1.0,2.0,0.0,2.0,3.0,3.0,2.0,1.0,0.0,5.0,5.0,4.0,0.0,1.0
492,4.0,0.0,3.0,1.0,1.0,1.0,2.0,6.0,0.0,1.0,2.0,2.0,5.0,1.0,2.0,0.0,2.0,3.0,3.0,2.0,1.0,0.0,5.0,5.0,4.0,0.0,1.0
493,4.0,0.0,3.0,1.0,1.0,1.0,2.0,6.0,0.0,1.0,2.0,2.0,5.0,1.0,2.0,0.0,2.0,3.0,3.0,2.0,1.0,0.0,5.0,5.0,4.0,0.0,1.0
494,4.0,0.0,3.0,1.0,1.0,1.0,2.0,6.0,0.0,1.0,2.0,2.0,5.0,1.0,2.0,0.0,2.0,3.0,3.0,2.0,1.0,0.0,5.0,5.0,4.0,0.0,1.0
495,4.0,0.0,3.0,1.0,1.0,1.0,2.0,6.0,0.0,1.0,2.0,2.0,5.0,1.0,2.0,0.0,2.0,3.0,3.0,2.0,1.0,0.0,5.0,5.0,4.0,0.0,1.0
496,4.0,0.0,3.0,1.0,1.0,1.0,2.0,6.0,0.0,1.0,2.0,2.0,5.0,1.0,2.0,0.0,2.0,3.0,3.0,2.0,1.0,0.0,5.0,5.0,4.0,0.0,1.0
497,4.0,0.0,3.0,1.0,1.0,1.0,2.0,6.0,0.0,1.0,2.0,2.0,5.0,1.0,2.0,0.0,2.0,3.0,3.0,2.0,1.0,0.0,5.0,5.0,4.0,0.0,1.0
498,4.0,0.0,3.0,1.0,1.0,1.0,2.0,6.0,0.0,1.0,2.0,2.0,5.0,1.0,2.0,0.0,2.0,3.0,3.0,2.0,1.0,0.0,5.0,5.0,4.0,0.0,1.0
499,4.0,0.0,3.0,1.0,1.0,1.0,2.0,6.0,0.0,1.0,2.0,2.0,5.0,1.0,2.0,0.0,2.0,3.0,3.0,2.0,1.0,0.0,5.0,5.0,4.0,0.0,1.0
500,4.0,0.0,3.0,1.0,1.0,1.0,2.0,6.0,0.0,1.0,2.0,2.0,5.0,1.0,2.0,0.0,2.0,4.0,3.0,2.0,1.0,0.0,5.0,5.0,4.0,0.0,1.0
501,4.0,0.0,3.0,1.0,1.0,1.0,2.0,6.0,0.0,1.0,2.0,2.0,5.0,1.0,2.0,0.0,2.0,4.0,3.0,2.0,1.0,0.0,5.0,5.0,4.0,0.0,1.0
502,4.0,0.0,3.0,1.0,1.0,1.0,2.0,6.0,0.0,1.0,2.0,2.0,5.0,1.0,2.0,0.0,2.0,4.0,3.0,2.0,1.0,0.0,5.0,5.0,4.0,0.0,1.0
503,4.0,0.0,3.0,1.0,1.0,1.0,2.0,6.0,0.0,1.0,2.0,2.0,5.0,1.0,2.0,0.0,2.0,4.0,3.0,2.0,2.0,0.0,5.0,5.0,4.0,0.0,1.0
504,4.0,0.0,3.0,1.0,1.0,1.0,2.0,6.0,0.0,1.0,2.0,2.0,5.0,1.0,2.0,0.0,2.0,4.0,3.0,2.0,2.0,0.0,5.0,5.0,4.0,0.0,1.0
505,4.0,0.0,3.0,1.0,1.0,1.0,2.0,6.0,0.0,1.0,2.0,2.0,5.0,1.0,2.0,0.0,2.0,4.0,3.0,2.0,2.0,0.0,5.0,5.0,4.0,0.0,1.0
506,4.0,0.0,3.0,1.0,1.0,1.0,2.0,6.0,0.0,1.0,2.0,2.0,5.0,1.0,2.0,0.0,2.0,4.0,3.0,2.0,2.0,0.0,5.0,5.0,4.0,0.0,1.0
507,4.0,0.0,3.0,1.0,1.0,1.0,2.0,6.0,0.0,1.0,2.0,2.0,5.0,1.0,2.0,0.0,2.0,4.0,3.0,2.0,2.0,0.0,5.0,5.0,4.0,0.0,1.0
508,4.0,0.0,3.0,1.0,1.0,1.0,2.0,6.0,0.0,1.0,2.0,2.0,5.0,1.0,2.0,0.0,2.0,4.0,3.0,2.0,2.0,0.0,5.0,5.0,4.0,0.0,1.0
509,4.0,0.0,3.0,1.0,1.0,1.0,2.0,6.0,0.0,1.0,2.0,2.0,5.0,1.0,2.0,0.0,2.0,4.0,3.0,2.0,2.0,0.0,5.0,5.0,4.0,0.0,1.0
510,4.0,0.0,3.0,1.0,1.0,1.0,2.0,6.0,0.0,1.0,2.0,2.0,5.0,1.0,2.0,0.0,2.0,4.0,3.0,2.0,2.0,0.0,5.0,5.0,4.0,0.0,1.0
512,4.0,0.0,3.0,1.0,1.0,1.0,2.0,6.0,0.0,1.0,2.0,2.0,5.0,1.0,2.0,0.0,2.0,4.0,3.0,2.0,2.0,0.0,5.0,5.0,4.0,0.0,1.0
513,4.0,0.0,3.0,1.0,1.0,1.0,2.0,6.0,0.0,1.0,2.0,2.0,5.0,1.0,2.0,0.0,2.0,4.0,3.0,2.0,2.0,0.0,5.0,5.0,4.0,0.0,1.0
514,4.0,0.0,3.0,1.0,1.0,1.0,2.0,6.0,0.0,1.0,2.0,2.0,5.0,1.0,2.0,0.0,2.0,4.0,3.0,2.0,2.0,0.0,5.0,5.0,4.0,0.0,1.0
515,4.0,0.0,3.0,1.0,1.0,1.0,2.0,6.0,0.0,1.0,2.0,2.0,5.0,1.0,2.0,0.0,2.0,4.0,3.0,2.0,2.0,0.0,5.0,5.0,4.0,0.0,1.0
516,4.0,0.0,3.0,1.0,1.0,1.0,2.0,6.0,0.0,1.0,2.0,2.0,5.0,1.0,2.0,0.0,2.0,4.0,3.0,2.0,2.0,0.0,5.0,5.0,4.0,0.0,1.0
517,4.0,0.0,3.0,1.0,1.0,1.0,2.0,6.0,0.0,1.0,2.0,2.0,5.0,1.0,2.0,0.0,2.0,4.0,3.0,2.0,2.0,0.0,5.0,5.0,4.0,0.0,1.0
518,4.0,0.0,3.0,1.0,1.0,1.0,2.0,6.0,0.0,1.0,2.0,2.0,5.0,1.0,2.0,0.0,2.0,4.0,3.0,2.0,2.0,0.0,5.0,5.0,4.0,0.0,1.0
519,4.0,0.0,3.0,1.0,1.0,1.0,2.0,6.0,0.0,1.0,2.0,2.0,5.0,1.0,2.0,0.0,2.0,4.0,3.0,2.0,2.0,0.0,5.0,5.0,4.0,0.0,1.0
520,4.0,0.0,3.0,1.0,1.0,1.0,2.0,6.0,0.0,1.0,2.0,2.0,5.0,1.0,2.0,0.0,2.0,4.0,3.0,2.0,2.0,0.0,5.0,5.0,4.0,0.0,1.0
521,4.0,0.0,3.0,1.0,1.0,1.0,2.0,6.0,0.0,1.0,2.0,2.0,5.0,1.0,2.0,0.0,2.0,4.0,3.0,2.0,2.0,0.0,5.0,5.0,4.0,0.0,1.0
522,4.0,0.0,3.0,1.0,1.0,1.0,2.0,6.0,0.0,1.0,2.0,2.0,5.0,1.0,2.0,0.0,2.0,4.0,3.0,2.0,2.0,0.0,5.0,5.0,4.0,0.0,1.0
523,4.0,0.0,3.0,1.0,1.0,1.0,2.0,6.0,0.0,1.0,2.0,2.0,5.0,1.0,2.0,0.0,2.0,4.0,3.0,2.0,2.0,0.0,5.0,5.0,4.0,0.0,1.0
524,4.0,0.0,3.0,1.0,1.0,1.0,2.0,6.0,0.0,1.0,2.0,2.0,5.0,1.0,2.0,0.0,2.0,4.0,3.0,2.0,2.0,0.0,5.0,5.0,4.0,0.0,1.0
525,4.0,0.0,3.0,1.0,1.0,1.0,2.0,6.0,0.0,1.0,2.0,2.0,5.0,1.0,2.0,0.0,2.0,4.0,3.0,2.0,2.0,0.0,5.0,5.0,4.0,0.0,1.0
526,4.0,0.0,3.0,1.0,1.0,1.0,2.0,6.0,0.0,1.0,2.0,2.0,5.0,1.0,2.0,0.0,2.0,4.0,3.0,2.0,2.0,0.0,5.0,5.0,5.0,0.0,1.0
527,4.0,0.0,3.0,1.0,1.0,1.0,2.0,6.0,0.0,1.0,2.0,2.0,5.0,1.0,2.0,0.0,2.0,4.0,3.0,2.0,2.0,0.0,5.0,5.0,5.0,0.0,1.0
528,4.0,0.0,3.0,1.0,1.0,1.0,2.0,6.0,0.0,1.0,2.0,2.0,5.0,1.0,2.0,0.0,2.0,4.0,3.0,2.0,2.0,0.0,5.0,5.0,5.0,0.0,1.0
529,4.0,0.0,3.0,1.0,1.0,1.0,2.0,6.0,0.0,1.0,2.0,2.0,5.0,1.0,2.0,0.0,2.0,4.0,3.0,2.0,2.0,0.0,5.0,5.0,5.0,0.0,1.0
530,4.0,0.0,3.0,1.0,1.0,1.0,2.0,6.0,0.0,1.0,2.0,2.0,5.0,1.0,2.0,0.0,2.0,4.0,3.0,2.0,2.0,0.0,5.0,5.0,5.0,0.0,1.0
531,4.0,0.0,3.0,1.0,1.0,1.0,2.0,6.0,0.0,1.0,2.0,2.0,5.0,1.0,2.0,0.0,2.0,4.0,3.0,2.0,2.0,0.0,5.0,5.0,5.0,0.0,1.0
532,4.0,0.0,3.0,1.0,1.0,1.0,2.0,6.0,0.0,1.0,2.0,2.0,5.0,1.0,2.0,0.0,2.0,4.0,3.0,2.0,2.0,0.0,5.0,5.0,5.0,0.0,1.0
533,4.0,0.0,3.0,1.0,1.0,1.0,2.0,6.0,0.0,1.0,2.0,2.0,5.0,1.0,2.0,0.0,2.0,4.0,3.0,2.0,3.0,0.0,5.0,5.0,5.0,0.0,1.0
534,4.0,0.0,3.0,1.0,1.0,1.0,2.0,6.0,0.0,1.0,2.0,2.0,5.0,1.0,2.0,0.0,2.0,4.0,3.0,2.0,3.0,0.0,5.0,5.0,5.0,0.0,1.0
535,4.0,0.0,3.0,1.0,1.0,1.0,2.0,6.0,0.0,1.0,2.0,2.0,5.0,1.0,2.0,0.0,2.0,4.0,3.0,2.0,3.0,0.0,5.0,5.0,5.0,0.0,1.0
536,4.0,0.0,3.0,1.0,1.0,1.0,2.0,6.0,0.0,1.0,2.0,2.0,5.0,1.0,2.0,0.0,2.0,4.0,3.0,2.0,3.0,0.0,5.0,5.0,5.0,0.0,1.0
537,4.0,0.0,3.0,1.0,1.0,1.0,2.0,6.0,0.0,1.0,2.0,2.0,5.0,1.0,2.0,0.0,2.0,4.0,3.0,2.0,3.0,0.0,5.0,5.0,5.0,0.0,1.0
538,4.0,0.0,3.0,1.0,1.0,1.0,2.0,6.0,0.0,1.0,2.0,2.0,5.0,1.0,2.0,0.0,2.0,4.0,3.0,2.0,3.0,0.0,5.0,5.0,5.0,0.0,1.0
539,4.0,0.0,3.0,1.0,1.0,1.0,2.0,6.0,0.0,1.0,2.0,2.0,5.0,1.0,2.0,0.0,2.0,4.0,3.0,2.0,3.0,0.0,5.0,5.0,5.0,0.0,1.0
540,4.0,0.0,3.0,1.0,1.0,1.0,2.0,6.0,0.0,1.0,2.0,2.0,5.0,1.0,2.0,0.0,2.0,4.0,3.0,2.0,3.0,0.0,5.0,5.0,5.0,0.0,1.0
541,4.0,0.0,3.0,1.0,1.0,1.0,2.0,6.0,0.0,1.0,2.0,2.0,5.0,1.0,2.0,0.0,2.0,4.0,3.0,2.0,3.0,0.0,5.0,5.0,5.0,0.0,1.0
542,4.0,0.0,3.0,1.0,1.0,1.0,2.0,6.0,0.0,1.0,2.0,2.0,5.0,1.0,2.0,0.0,2.0,4.0,3.0,2.0,3.0,0.0,5.0,5.0,5.0,0.0,1.0
543,4.0,0.0,3.0,1.0,1.0,1.0,2.0,6.0,0.0,1.0,2.0,2.0,5.0,1.0,2.0,0.0,2.0,4.0,3.0,2.0,3.0,0.0,5.0,5.0,5.0,0.0,1.0
544,4.0,0.0,3.0,1.0,1.0,1.0,2.0,6.0,0.0,1.0,2.0,2.0,5.0,1.0,2.0,0.0,2.0,4.0,3.0,2.0,3.0,0.0,5.0,5.0,5.0,0.0,1.0
545,4.0,0.0,3.0,1.0,1.0,1.0,2.0,6.0,0.0,1.0,2.0,2.0,5.0,1.0,2.0,0.0,2.0,4.0,3.0,2.0,3.0,0.0,5.0,5.0,5.0,0.0,1.0
546,4.0,0.0,3.0,1.0,1.0,1.0,2.0,6.0,0.0,1.0,2.0,2.0,5.0,1.0,2.0,0.0,2.0,4.0,3.0,2.0,3.0,0.0,5.0,5.0,5.0,0.0,1.0
547,4.0,0.0,3.0,1.0,1.0,1.0,2.0,6.0,0.0,1.0,2.0,2.0,5.0,1.0,2.0,0.0,2.0,4.0,3.0,2.0,3.0,0.0,5.0,5.0,5.0,0.0,1.0
548,4.0,0.0,3.0,1.0,1.0,1.0,2.0,6.0,0.0,1.0,2.0,2.0,5.0,1.0,2.0,0.0,2.0,4.0,3.0,2.0,3.0,0.0,5.0,5.0,5.0,0.0,1.0
549,4.0,0.0,3.0,1.0,1.0,1.0,2.0,6.0,0.0,1.0,2.0,2.0,5.0,1.0,2.0,0.0,2.0,4.0,3.0,2.0,3.0,0.0,5.0,5.0,5.0,0.0,1.0
550,4.0,0.0,3.0,1.0,1.0,1.0,2.0,6.0,0.0,1.0,2.0,2.0,5.0,1.0,2.0,0.0,2.0,4.0,3.0,2.0,3.0,0.0,5.0,5.0,5.0,0.0,1.0
551,4.0,1.0,3.0,1.0,1.0,1.0,2.0,6.0,0.0,1.0,2.0,2.0,5.0,1.0,2.0,0.0,2.0,4.0,3.0,2.0,3.0,0.0,5.0,5.0,5.0,0.0,1.0
552,4.0,2.0,3.0,1.0,1.0,1.0,3.0,6.0,0.0,1.0,2.0,2.0,5.0,1.0,2.0,0.0,2.0,4.0,3.0,2.0,3.0,0.0,5.0,5.0,5.0,0.0,1.0
553,4.0,2.0,3.0,1.0,1.0,1.0,3.0,6.0,0.0,2.0,3.0,2.0,5.0,1.0,2.0,0.0,2.0,4.0,3.0,2.0,3.0,0.0,5.0,5.0,5.0,0.0,1.0
554,4.0,2.0,3.0,1.0,1.0,1.0,3.0,6.0,0.0,2.0,3.0,2.0,5.0,1.0,2.0,0.0,2.0,4.0,3.0,2.0,3.0,0.0,5.0,5.0,5.0,0.0,1.0
555,4.0,2.0,3.0,1.0,1.0,1.0,3.0,6.0,0.0,2.0,3.0,2.0,5.0,1.0,2.0,0.0,2.0,4.0,3.0,2.0,3.0,0.0,5.0,5.0,5.0,0.0,1.0
556,4.0,2.0,3.0,1.0,1.0,1.0,3.0,6.0,0.0,2.0,3.0,2.0,5.0,1.0,2.0,0.0,2.0,4.0,3.0,2.0,3.0,0.0,5.0,5.0,5.0,0.0,1.0
557,4.0,2.0,3.0,1.0,1.0,1.0,3.0,6.0,0.0,2.0,3.0,2.0,5.0,1.0,2.0,0.0,2.0,4.0,3.0,2.0,3.0,0.0,5.0,5.0,5.0,0.0,1.0
558,4.0,2.0,3.0,1.0,1.0,1.0,3.0,6.0,0.0,2.0,3.0,2.0,5.0,1.0,2.0,0.0,2.0,4.0,3.0,2.0,3.0,0.0,5.0,5.0,5.0,0.0,1.0
559,4.0,2.0,3.0,1.0,1.0,1.0,3.0,6.0,0.0,2.0,3.0,2.0,5.0,1.0,2.0,0.0,2.0,4.0,3.0,2.0,3.0,0.0,5.0,5.0,5.0,0.0,1.0
560,4.0,2.0,3.0,1.0,1.0,1.0,3.0,6.0,0.0,2.0,3.0,2.0,5.0,1.0,2.0,0.0,2.0,4.0,3.0,2.0,3.0,0.0,5.0,5.0,5.0,0.0,1.0
561,4.0,2.0,3.0,1.0,1.0,1.0,3.0,6.0,0.0,2.0,3.0,2.0,5.0,1.0,2.0,0.0,2.0,4.0,3.0,2.0,3.0,0.0,5.0,5.0,5.0,0.0,1.0
562,4.0,2.0,3.0,1.0,1.0,1.0,3.0,6.0,0.0,2.0,3.0,2.0,5.0,1.0,2.0,0.0,2.0,4.0,3.0,2.0,3.0,0.0,5.0,5.0,5.0,0.0,1.0
563,4.0,2.0,3.0,1.0,1.0,1.0,3.0,6.0,0.0,2.0,3.0,2.0,5.0,1.0,2.0,0.0,2.0,4.0,3.0,2.0,3.0,0.0,5.0,5.0,5.0,0.0,1.0
564,4.0,2.0,3.0,1.0,1.0,1.0,3.0,6.0,0.0,2.0,3.0,2.0,5.0,1.0,2.0,0.0,2.0,4.0,3.0,2.0,3.0,0.0,5.0,5.0,5.0,0.0,1.0
565,4.0,2.0,3.0,1.0,1.0,1.0,3.0,6.0,0.0,2.0,3.0,2.0,5.0,1.0,2.0,0.0,2.0,4.0,3.0,2.0,3.0,0.0,5.0,5.0,5.0,0.0,1.0
566,4.0,2.0,3.0,1.0,1.0,1.0,3.0,6.0,0.0,2.0,3.0,2.0,5.0,1.0,2.0,0.0,2.0,4.0,3.0,2.0,3.0,0.0,5.0,5.0,5.0,0.0,1.0
567,4.0,2.0,3.0,1.0,1.0,1.0,3.0,6.0,0.0,2.0,3.0,2.0,5.0,1.0,2.0,0.0,2.0,4.0,3.0,2.0,3.0,0.0,5.0,5.0,5.0,0.0,1.0
568,4.0,2.0,3.0,1.0,1.0,1.0,3.0,6.0,0.0,2.0,3.0,2.0,5.0,1.0,2.0,0.0,2.0,4.0,3.0,2.0,3.0,0.0,5.0,5.0,5.0,0.0,1.0
569,4.0,2.0,3.0,1.0,1.0,1.0,3.0,6.0,0.0,2.0,3.0,2.0,5.0,1.0,2.0,0.0,2.0,4.0,3.0,2.0,3.0,0.0,5.0,5.0,5.0,0.0,2.0
570,4.0,2.0,3.0,1.0,1.0,1.0,3.0,6.0,0.0,2.0,3.0,2.0,5.0,1.0,2.0,0.0,2.0,4.0,3.0,2.0,3.0,0.0,5.0,5.0,5.0,0.0,2.0
571,4.0,2.0,3.0,1.0,1.0,1.0,3.0,6.0,0.0,2.0,3.0,2.0,5.0,1.0,2.0,0.0,2.0,4.0,3.0,2.0,3.0,0.0,5.0,5.0,5.0,0.0,2.0
572,4.0,2.0,3.0,1.0,1.0,1.0,3.0,6.0,0.0,2.0,3.0,2.0,5.0,1.0,2.0,0.0,2.0,4.0,3.0,2.0,3.0,0.0,5.0,5.0,5.0,0.0,2.0
573,4.0,2.0,3.0,1.0,1.0,1.0,3.0,6.0,0.0,2.0,3.0,2.0,5.0,1.0,2.0,0.0,2.0,4.0,3.0,2.0,3.0,0.0,5.0,5.0,5.0,0.0,2.0
574,4.0,2.0,3.0,1.0,1.0,1.0,3.0,6.0,0.0,2.0,3.0,2.0,5.0,1.0,2.0,0.0,2.0,4.0,3.0,2.0,3.0,0.0,5.0,5.0,5.0,0.0,3.0
575,4.0,2.0,3.0,1.0,1.0,1.0,3.0,6.0,0.0,2.0,3.0,2.0,5.0,1.0,2.0,0.0,2.0,4.0,3.0,2.0,3.0,0.0,5.0,5.0,5.0,0.0,3.0
576,4.0,2.0,3.0,1.0,1.0,1.0,3.0,6.0,0.0,2.0,3.0,2.0,5.0,1.0,2.0,0.0,2.0,4.0,3.0,2.0,3.0,0.0,5.0,5.0,5.0,0.0,3.0
577,4.0,2.0,3.0,1.0,1.0,1.0,3.0,6.0,0.0,2.0,3.0,2.0,5.0,1.0,2.0,0.0,2.0,4.0,3.0,2.0,3.0,0.0,5.0,5.0,5.0,0.0,3.0
578,4.0,2.0,3.0,1.0,1.0,1.0,3.0,6.0,0.0,2.0,3.0,2.0,5.0,1.0,2.0,0.0,2.0,4.0,3.0,2.0,3.0,0.0,5.0,5.0,5.0,0.0,3.0
579,4.0,2.0,3.0,1.0,1.0,1.0,3.0,6.0,0.0,2.0,3.0,2.0,5.0,1.0,2.0,0.0,2.0,4.0,3.0,2.0,3.0,0.0,5.0,5.0,5.0,0.0,3.0
580,4.0,2.0,3.0,1.0,1.0,1.0,3.0,6.0,0.0,2.0,3.0,2.0,5.0,1.0,2.0,0.0,2.0,4.0,3.0,2.0,3.0,0.0,5.0,5.0,5.0,0.0,3.0
581,4.0,2.0,3.0,1.0,1.0,1.0,3.0,6.0,0.0,2.0,3.0,2.0,5.0,1.0,2.0,0.0,2.0,4.0,3.0,2.0,3.0,0.0,5.0,5.0,5.0,0.0,3.0
582,4.0,2.0,3.0,1.0,1.0,1.0,3.0,6.0,0.0,2.0,3.0,2.0,5.0,1.0,2.0,0.0,2.0,4.0,3.0,2.0,3.0,0.0,5.0,5.0,5.0,0.0,3.0
583,4.0,2.0,3.0,1.0,1.0,1.0,3.0,6.0,0.0,2.0,3.0,2.0,5.0,1.0,2.0,0.0,2.0,4.0,3.0,2.0,3.0,0.0,5.0,5.0,5.0,0.0,3.0
584,4.0,2.0,3.0,1.0,1.0,1.0,3.0,6.0,0.0,2.0,3.0,2.0,5.0,1.0,2.0,0.0,2.0,4.0,3.0,2.0,3.0,0.0,5.0,5.0,5.0,0.0,3.0
585,4.0,2.0,3.0,1.0,1.0,1.0,3.0,6.0,0.0,2.0,3.0,2.0,5.0,1.0,2.0,0.0,2.0,4.0,3.0,2.0,3.0,0.0,5.0,5.0,5.0,0.0,3.0
586,4.0,2.0,3.0,1.0,1.0,1.0,3.0,6.0,0.0,2.0,3.0,2.0,5.0,1.0,2.0,0.0,2.0,4.0,3.0,2.0,3.0,0.0,5.0,5.0,5.0,0.0,3.0
587,4.0,2.0,3.0,1.0,1.0,1.0,3.0,6.0,0.0,2.0,3.0,2.0,5.0,1.0,2.0,0.0,2.0,4.0,3.0,2.0,3.0,0.0,5.0,5.0,5.0,0.0,3.0
588,4.0,2.0,3.0,1.0,1.0,1.0,3.0,6.0,0.0,2.0,3.0,2.0,5.0,1.0,2.0,0.0,2.0,4.0,3.0,2.0,3.0,0.0,5.0,5.0,5.0,0.0,3.0
589,4.0,2.0,3.0,1.0,1.0,1.0,3.0,6.0,0.0,2.0,3.0,2.0,5.0,1.0,2.0,0.0,2.0,4.0,3.0,2.0,3.0,0.0,5.0,5.0,5.0,0.0,3.0
590,4.0,2.0,3.0,1.0,1.0,1.0,3.0,6.0,0.0,2.0,3.0,2.0,5.0,1.0,2.0,0.0,2.0,4.0,3.0,2.0,3.0,0.0,5.0,5.0,5.0,0.0,3.0
591,4.0,2.0,3.0,1.0,1.0,1.0,3.0,6.0,0.0,2.0,3.0,2.0,5.0,1.0,2.0,0.0,2.0,4.0,3.0,2.0,3.0,0.0,5.0,5.0,5.0,0.0,3.0
592,4.0,2.0,3.0,1.0,1.0,1.0,3.0,6.0,0.0,2.0,3.0,2.0,5.0,1.0,2.0,0.0,2.0,4.0,3.0,2.0,3.0,0.0,5.0,5.0,5.0,0.0,3.0
593,4.0,2.0,3.0,1.0,1.0,1.0,3.0,6.0,0.0,2.0,3.0,2.0,5.0,1.0,2.0,0.0,2.0,4.0,3.0,2.0,3.0,0.0,5.0,5.0,5.0,0.0,3.0
594,4.0,2.0,3.0,1.0,1.0,1.0,3.0,6.0,0.0,2.0,3.0,2.0,5.0,1.0,2.0,0.0,2.0,4.0,3.0,2.0,3.0,0.0,5.0,5.0,5.0,0.0,3.0
595,5.0,2.0,3.0,1.0,1.0,1.0,3.0,6.0,0.0,2.0,3.0,2.0,5.0,1.0,2.0,0.0,2.0,4.0,3.0,2.0,3.0,0.0,5.0,5.0,5.0,0.0,3.0
596,5.0,2.0,3.0,1.0,1.0,1.0,3.0,6.0,0.0,2.0,3.0,2.0,5.0,1.0,2.0,0.0,2.0,4.0,3.0,2.0,3.0,0.0,5.0,5.0,5.0,0.0,3.0
597,5.0,2.0,3.0,1.0,1.0,1.0,3.0,6.0,0.0,2.0,3.0,2.0,5.0,1.0,2.0,0.0,2.0,4.0,3.0,2.0,3.0,0.0,5.0,5.0,5.0,0.0,3.0
598,5.0,2.0,3.0,1.0,1.0,1.0,3.0,6.0,0.0,2.0,3.0,2.0,5.0,1.0,2.0,0.0,2.0,4.0,3.0,2.0,3.0,0.0,5.0,5.0,5.0,0.0,3.0
599,5.0,2.0,3.0,1.0,1.0,1.0,3.0,6.0,0.0,2.0,3.0,2.0,5.0,1.0,2.0,0.0,2.0,4.0,3.0,2.0,3.0,0.0,5.0,5.0,5.0,0.0,3.0
600,5.0,2.0,3.0,1.0,1.0,1.0,3.0,6.0,0.0,2.0,3.0,2.0,5.0,1.0,2.0,0.0,2.0,4.0,3.0,2.0,3.0,0.0,5.0,5.0,5.0,0.0,3.0
601,5.0,2.0,3.0,1.0,1.0,1.0,3.0,6.0,0.0,2.0,3.0,2.0,5.0,1.0,2.0,0.0,2.0,4.0,3.0,2.0,3.0,0.0,5.0,5.0,5.0,0.0,3.0
602,5.0,2.0,3.0,1.0,1.0,1.0,3.0,6.0,0.0,2.0,3.0,2.0,5.0,1.0,2.0,0.0,2.0,4.0,3.0,2.0,3.0,0.0,5.0,5.0,5.0,0.0,3.0
603,5.0,2.0,3.0,1.0,1.0,1.0,3.0,6.0,0.0,2.0,3.0,2.0,5.0,1.0,2.0,0.0,2.0,4.0,3.0,2.0,3.0,0.0,5.0,5.0,5.0,0.0,3.0
604,5.0,2.0,3.0,1.0,1.0,1.0,3.0,6.0,0.0,2.0,3.0,2.0,5.0,1.0,2.0,0.0,2.0,4.0,3.0,2.0,3.0,0.0,5.0,5.0,5.0,0.0,3.0
605,5.0,2.0,3.0,1.0,1.0,1.0,3.0,6.0,0.0,2.0,3.0,2.0,5.0,1.0,2.0,0.0,2.0,4.0,3.0,2.0,3.0,0.0,5.0,5.0,5.0,0.0,3.0
606,5.0,2.0,3.0,1.0,1.0,1.0,3.0,6.0,0.0,2.0,3.0,2.0,5.0,1.0,2.0,0.0,2.0,4.0,3.0,2.0,3.0,0.0,5.0,5.0,5.0,0.0,3.0
607,5.0,2.0,3.0,1.0,1.0,1.0,3.0,6.0,0.0,2.0,3.0,2.0,5.0,1.0,2.0,0.0,2.0,4.0,3.0,2.0,3.0,0.0,5.0,5.0,5.0,0.0,3.0
608,5.0,2.0,3.0,1.0,1.0,1.0,3.0,6.0,0.0,2.0,3.0,2.0,5.0,1.0,2.0,0.0,2.0,4.0,3.0,2.0,3.0,0.0,5.0,5.0,5.0,0.0,3.0
609,5.0,2.0,3.0,1.0,1.0,1.0,3.0,6.0,0.0,2.0,3.0,2.0,5.0,1.0,2.0,0.0,2.0,4.0,3.0,2.0,3.0,0.0,5.0,5.0,5.0,0.0,3.0
610,5.0,2.0,3.0,1.0,1.0,1.0,3.0,6.0,0.0,2.0,3.0,2.0,5.0,1.0,2.0,0.0,2.0,4.0,3.0,2.0,3.0,0.0,5.0,5.0,5.0,0.0,3.0
611,5.0,2.0,3.0,1.0,1.0,1.0,3.0,6.0,0.0,2.0,3.0,2.0,5.0,1.0,2.0,0.0,2.0,4.0,3.0,2.0,3.0,0.0,5.0,5.0,5.0,0.0,3.0
612,5.0,2.0,3.0,1.0,1.0,1.0,3.0,6.0,0.0,2.0,3.0,2.0,5.0,1.0,2.0,0.0,2.0,4.0,3.0,2.0,3.0,0.0,5.0,5.0,5.0,0.0,3.0
613,5.0,2.0,3.0,1.0,1.0,1.0,3.0,6.0,0.0,2.0,3.0,2.0,5.0,1.0,2.0,0.0,2.0,4.0,3.0,2.0,3.0,0.0,5.0,5.0,5.0,0.0,3.0
614,5.0,2.0,3.0,1.0,1.0,1.0,3.0,6.0,1.0,2.0,3.0,2.0,5.0,1.0,2.0,0.0,2.0,4.0,3.0,2.0,3.0,0.0,5.0,5.0,5.0,0.0,3.0
615,5.0,2.0,3.0,1.0,1.0,1.0,3.0,6.0,1.0,2.0,3.0,2.0,5.0,1.0,2.0,0.0,2.0,4.0,3.0,2.0,3.0,0.0,5.0,5.0,5.0,0.0,3.0
616,5.0,2.0,3.0,1.0,1.0,1.0,3.0,6.0,1.0,2.0,3.0,2.0,5.0,1.0,2.0,0.0,2.0,4.0,3.0,2.0,3.0,0.0,5.0,5.0,5.0,0.0,3.0
617,5.0,2.0,3.0,1.0,1.0,1.0,3.0,6.0,1.0,2.0,3.0,2.0,5.0,1.0,2.0,0.0,2.0,4.0,3.0,2.0,3.0,0.0,5.0,5.0,5.0,0.0,3.0
618,5.0,2.0,3.0,1.0,1.0,1.0,3.0,6.0,1.0,2.0,3.0,3.0,5.0,1.0,2.0,0.0,2.0,4.0,4.0,2.0,3.0,0.0,6.0,5.0,5.0,0.0,3.0
619,5.0,2.0,3.0,1.0,1.0,1.0,3.0,6.0,1.0,2.0,3.0,3.0,5.0,1.0,2.0,0.0,2.0,4.0,4.0,2.0,3.0,0.0,6.0,5.0,5.0,0.0,3.0
620,5.0,2.0,3.0,1.0,1.0,1.0,3.0,6.0,1.0,2.0,3.0,3.0,5.0,1.0,2.0,0.0,2.0,4.0,4.0,2.0,3.0,0.0,6.0,5.0,5.0,0.0,3.0
621,5.0,2.0,3.0,1.0,1.0,1.0,3.0,6.0,1.0,2.0,3.0,3.0,5.0,1.0,2.0,0.0,2.0,4.0,4.0,2.0,3.0,0.0,6.0,5.0,5.0,0.0,3.0
622,5.0,2.0,3.0,1.0,1.0,1.0,3.0,6.0,1.0,2.0,3.0,3.0,5.0,1.0,2.0,0.0,2.0,4.0,4.0,2.0,3.0,0.0,6.0,5.0,5.0,0.0,4.0
623,5.0,2.0,3.0,1.0,1.0,1.0,3.0,6.0,1.0,2.0,3.0,3.0,5.0,1.0,2.0,0.0,2.0,4.0,4.0,2.0,3.0,0.0,6.0,5.0,5.0,0.0,4.0
624,5.0,2.0,3.0,1.0,1.0,1.0,3.0,6.0,1.0,2.0,3.0,3.0,5.0,1.0,2.0,0.0,2.0,4.0,4.0,2.0,3.0,0.0,6.0,5.0,5.0,0.0,4.0
625,5.0,2.0,3.0,1.0,1.0,1.0,3.0,6.0,1.0,2.0,3.0,3.0,5.0,1.0,2.0,0.0,2.0,4.0,4.0,2.0,3.0,0.0,6.0,5.0,5.0,0.0,4.0
626,5.0,2.0,3.0,1.0,1.0,1.0,3.0,6.0,1.0,2.0,3.0,3.0,5.0,1.0,2.0,0.0,2.0,4.0,4.0,2.0,3.0,0.0,6.0,5.0,5.0,0.0,4.0
627,5.0,2.0,3.0,1.0,1.0,1.0,3.0,6.0,1.0,2.0,3.0,3.0,5.0,1.0,2.0,0.0,2.0,4.0,4.0,2.0,3.0,1.0,6.0,5.0,5.0,0.0,4.0
628,5.0,2.0,3.0,1.0,1.0,1.0,3.0,6.0,1.0,2.0,3.0,3.0,5.0,1.0,2.0,0.0,2.0,4.0,4.0,2.0,3.0,1.0,6.0,5.0,5.0,0.0,4.0
629,5.0,2.0,3.0,1.0,1.0,1.0,3.0,6.0,1.0,2.0,3.0,3.0,5.0,1.0,2.0,0.0,2.0,4.0,4.0,2.0,3.0,1.0,6.0,5.0,5.0,0.0,4.0
630,5.0,2.0,3.0,1.0,1.0,1.0,3.0,6.0,1.0,3.0,4.0,3.0,5.0,1.0,2.0,0.0,2.0,4.0,4.0,2.0,3.0,1.0,6.0,5.0,5.0,0.0,4.0
631,5.0,2.0,3.0,1.0,1.0,1.0,3.0,6.0,1.0,3.0,4.0,3.0,5.0,1.0,2.0,0.0,2.0,4.0,4.0,2.0,3.0,1.0,6.0,5.0,5.0,0.0,4.0
632,5.0,2.0,3.0,1.0,1.0,1.0,3.0,6.0,1.0,3.0,4.0,3.0,5.0,1.0,2.0,0.0,2.0,4.0,4.0,2.0,3.0,1.0,6.0,5.0,5.0,0.0,4.0
633,5.0,2.0,3.0,1.0,1.0,1.0,3.0,6.0,1.0,3.0,4.0,3.0,5.0,1.0,2.0,0.0,2.0,4.0,4.0,2.0,3.0,1.0,6.0,5.0,5.0,0.0,4.0
634,5.0,2.0,3.0,1.0,1.0,1.0,3.0,6.0,1.0,3.0,4.0,3.0,5.0,1.0,2.0,0.0,2.0,4.0,4.0,2.0,3.0,1.0,6.0,5.0,5.0,0.0,4.0
635,5.0,2.0,3.0,1.0,1.0,1.0,3.0,6.0,1.0,3.0,4.0,3.0,5.0,1.0,2.0,0.0,2.0,4.0,4.0,2.0,3.0,1.0,6.0,5.0,5.0,0.0,4.0
636,5.0,2.0,3.0,1.0,1.0,1.0,3.0,6.0,1.0,3.0,4.0,3.0,5.0,1.0,2.0,0.0,2.0,4.0,4.0,2.0,3.0,1.0,6.0,5.0,5.0,0.0,4.0
637,5.0,2.0,3.0,1.0,1.0,1.0,3.0,6.0,1.0,3.0,4.0,3.0,5.0,1.0,2.0,0.0,2.0,4.0,4.0,2.0,3.0,1.0,6.0,5.0,5.0,0.0,4.0
638,5.0,2.0,3.0,1.0,1.0,1.0,3.0,6.0,2.0,3.0,4.0,3.0,5.0,1.0,2.0,0.0,2.0,4.0,4.0,2.0,3.0,1.0,6.0,5.0,5.0,0.0,4.0
639,5.0,2.0,3.0,1.0,1.0,1.0,3.0,6.0,2.0,3.0,4.0,3.0,5.0,1.0,2.0,0.0,2.0,4.0,4.0,2.0,3.0,1.0,6.0,5.0,5.0,0.0,4.0
640,5.0,2.0,3.0,1.0,1.0,1.0,3.0,6.0,2.0,3.0,4.0,3.0,5.0,1.0,2.0,0.0,2.0,4.0,4.0,2.0,3.0,1.0,6.0,5.0,5.0,0.0,4.0
641,5.0,2.0,3.0,1.0,1.0,1.0,3.0,6.0,2.0,3.0,4.0,3.0,5.0,1.0,2.0,0.0,2.0,4.0,4.0,2.0,3.0,1.0,6.0,5.0,5.0,0.0,4.0
642,5.0,2.0,3.0,1.0,1.0,1.0,3.0,6.0,2.0,3.0,4.0,3.0,5.0,1.0,2.0,0.0,2.0,4.0,4.0,2.0,3.0,1.0,6.0,5.0,5.0,0.0,4.0
643,5.0,2.0,3.0,1.0,1.0,1.0,3.0,6.0,2.0,3.0,4.0,3.0,5.0,1.0,2.0,0.0,2.0,4.0,4.0,2.0,3.0,1.0,6.0,5.0,5.0,0.0,4.0
644,5.0,2.0,3.0,1.0,1.0,1.0,3.0,6.0,2.0,3.0,4.0,3.0,5.0,1.0,2.0,0.0,2.0,4.0,4.0,2.0,3.0,1.0,6.0,5.0,5.0,0.0,4.0
645,5.0,2.0,3.0,1.0,1.0,1.0,3.0,6.0,2.0,3.0,4.0,3.0,5.0,1.0,2.0,0.0,2.0,4.0,4.0,2.0,3.0,1.0,6.0,5.0,5.0,0.0,4.0
646,5.0,2.0,3.0,1.0,1.0,1.0,3.0,6.0,2.0,3.0,4.0,3.0,5.0,1.0,2.0,0.0,2.0,4.0,4.0,2.0,3.0,1.0,6.0,5.0,5.0,0.0,4.0
647,5.0,2.0,3.0,1.0,1.0,1.0,3.0,6.0,2.0,3.0,4.0,3.0,5.0,1.0,2.0,0.0,2.0,4.0,4.0,2.0,3.0,1.0,6.0,5.0,5.0,0.0,4.0
648,5.0,2.0,3.0,1.0,1.0,1.0,3.0,6.0,2.0,3.0,4.0,3.0,5.0,1.0,2.0,0.0,2.0,4.0,4.0,2.0,3.0,1.0,6.0,5.0,5.0,0.0,4.0
649,5.0,2.0,3.0,1.0,1.0,1.0,3.0,6.0,2.0,3.0,4.0,3.0,5.0,1.0,2.0,0.0,2.0,4.0,4.0,2.0,3.0,1.0,6.0,5.0,5.0,0.0,4.0
650,5.0,2.0,3.0,1.0,1.0,1.0,3.0,6.0,2.0,3.0,4.0,3.0,5.0,1.0,2.0,0.0,2.0,4.0,4.0,2.0,3.0,1.0,6.0,5.0,5.0,0.0,4.0
651,5.0,2.0,3.0,1.0,1.0,1.0,3.0,6.0,2.0,3.0,4.0,3.0,5.0,1.0,2.0,0.0,2.0,4.0,4.0,2.0,3.0,1.0,6.0,5.0,5.0,0.0,4.0
652,5.0,2.0,3.0,1.0,1.0,1.0,3.0,6.0,2.0,3.0,4.0,3.0,5.0,1.0,2.0,0.0,2.0,4.0,4.0,2.0,3.0,1.0,6.0,5.0,5.0,0.0,4.0
653,5.0,2.0,3.0,1.0,1.0,1.0,3.0,6.0,2.0,3.0,4.0,3.0,5.0,1.0,2.0,0.0,2.0,4.0,4.0,2.0,3.0,1.0,6.0,5.0,5.0,0.0,4.0
