Batch_Num,Metric1,Thickness1,Thickness2,Metric2,Metric3,Metric4,Metric5,Metric6,Yield1,Width1,Length1,Metric7,Metric8,Metric9,Yield2,Width2,Length2,Metric10
1,3030.93,2564,2187.7333,1411.1265,1.3602,97.6133,0.1242,1.5005,0.9455,202.4396,64.2333,7.9558,414.871,10.0433,0.968,192.3963,64.2588,12.519
2,3095.78,2465.14,2230.4222,1463.6606,0.8294,102.3433,0.1247,1.4966,0.9627,200.547,68.4222,10.1548,414.7347,9.2599,0.9701,191.2872,64.2828,12.4608
3,2932.61,2559.94,2186.4111,1698.0172,1.5102,95.4878,0.1241,1.4436,0.9615,202.0179,67.1333,9.5157,416.7075,9.3144,0.9674,192.7035,64.1114,12.5404
4,2988.72,2479.9,2199.0333,909.7926,1.3204,104.2367,0.1217,1.4882,0.9629,201.8482,62.9333,9.6052,422.2894,9.6924,0.9687,192.1557,64.1125,12.4782
5,3032.24,2502.87,2233.3667,1326.52,1.5334,100.3967,0.1235,1.5031,0.9569,201.9424,62.8333,10.5661,420.5925,10.3387,0.9735,191.6037,64.1511,12.4735
6,2946.25,2432.84,2233.3667,1326.52,1.5334,100.3967,0.1235,1.5287,0.9699,200.472,62.3778,8.6617,414.2426,9.2441,0.9747,191.228,64.072,12.4935
7,3030.27,2430.12,2230.4222,1463.6606,0.8294,102.3433,0.1247,1.5816,0.9591,202.0901,60.8,9.035,415.8852,9.999,0.9667,192.0912,64.2476,12.4608
8,3058.88,2690.15,2248.9,1004.4692,0.7884,106.24,0.1185,1.5153,0.9481,202.417,67.3,13.6872,408.4017,9.6836,0.9687,192.7334,64.4021,12.5263
9,2967.68,2600.47,2248.9,1004.4692,0.7884,106.24,0.1185,1.5358,0.9494,202.4544,62.8,12.6837,417.6009,9.7046,0.9693,192.7498,63.9315,12.5263
10,3016.11,2428.37,2248.9,1004.4692,0.7884,106.24,0.1185,1.5381,0.944,202.5999,67.0333,12.4278,413.3677,9.7046,0.9667,192.8953,64.4021,12.5263
11,2994.05,2548.21,2195.1222,1046.1468,1.3204,103.34,0.1223,1.5144,0.9433,201.7125,68.7111,11.8566,411.9572,10.2918,0.9664,191.4207,64.1114,12.4663
12,2928.84,2479.4,2196.2111,1605.7578,0.9959,97.9156,0.1257,1.469,0.9445,202.1264,64.7667,9.1084,419.9018,10.113,0.9673,192.0134,63.9315,12.5263
13,2920.07,2507.4,2195.1222,1046.1468,1.3204,103.34,0.1223,1.531,0.9595,202.1269,63.3778,8.4828,415.5185,9.5007,0.9666,192.6261,64.1125,12.4186
14,3051.44,2529.27,2184.4333,877.6266,1.4668,107.8711,0.124,1.5236,0.9441,226.0086,67.9889,9.7686,409.8885,10.4109,0.9516,215.5977,64.202,10.7029
15,2963.97,2629.48,2224.6222,947.7739,1.2924,104.8489,0.1197,1.4474,0.9582,195.3787,62.5,9.7561,422.3675,9.7825,0.9692,185.5963,64.2199,12.4582
16,2988.31,2546.26,2224.6222,947.7739,1.2924,104.8489,0.1197,1.5465,0.9616,192.9787,61.2333,12.4364,424.7536,9.5917,0.9706,183.3869,64.2199,12.4622
17,3028.02,2560.87,2270.2556,1258.4558,1.395,104.8078,0.1207,1.4368,0.9623,195.1742,63.3556,12.1805,428.9826,9.1999,0.9673,185.9743,64.0917,12.4761
18,3032.73,2517.79,2270.2556,1258.4558,1.395,104.8078,0.1207,1.5537,0.9613,195.3425,60.2444,10.0002,420.4726,9.4147,0.9692,185.9278,63.8294,12.4761
19,3040.34,2501.16,2207.3889,962.5317,1.2043,104.0311,0.121,1.5481,0.9634,196.2746,66.2,8.4061,409.1399,9.847,0.9701,186.4275,64.1999,12.5222
20,2988.3,2519.05,2208.8556,1157.7224,1.5509,107.8022,0.1233,1.5362,0.9614,197.1793,65.0778,13.3419,404.5667,10.1924,0.9697,186.9869,64.1125,12.5635
21,2987.32,2528.81,,,,,0.1195,1.6343,0.9587,200.8256,67.2,11.9224,414.306,9.7659,0.9661,191.0598,63.9008,12.4761
22,,2481.85,2207.3889,962.5317,1.2043,104.0311,0.121,1.5559,0.9617,196.6315,65.1667,13.6262,410.695,10.3503,0.9684,186.2811,64.1999,12.4761
23,3002.27,2497.45,2207.3889,962.5317,1.2043,104.0311,0.121,1.5465,0.9491,199.6394,66.3556,15.4346,418.2477,10.3647,0.9706,189.2748,64.1999,12.4761
24,2884.74,2514.54,2160.3667,899.9488,1.4022,105.4978,0.124,1.5585,0.9638,196.1842,62.5,11.6229,434.7942,8.8407,0.9696,187.3435,64.2199,12.4761
25,3010.41,2632.8,2203.9,1116.4129,1.2639,102.2733,0.1199,1.4227,0.9765,199.0177,64.6778,4.704,406.7425,9.5066,0.9802,189.5111,64.3732,12.5784
26,2979.74,2446.56,2257.1667,1437.9565,1.4918,106.34,0.1203,1.5136,0.958,205.9919,67.0333,10.6611,413.1526,9.747,0.9559,196.2449,64.3976,12.4222
27,3067.35,2456.33,2257.1667,1437.9565,1.4918,106.34,0.1203,1.486,0.9587,206.4033,68.0333,14.8136,419.0913,9.8198,0.9567,196.5835,64.2828,12.4222
28,2988.99,2607.63,2223.0333,1533.9934,1.3548,109.7067,0.1211,1.5582,0.9572,199.6076,62.8889,5.7692,405.8875,10.215,0.9715,189.3926,64.2529,12.4231
29,2972.78,2431.57,2190.4889,1059.439,0.8614,102.1178,0.1216,1.5438,0.9589,206.4436,66.1667,11.3083,403.4278,9.7745,0.9574,196.6691,64.1968,12.5473
30,2981.85,2529.11,2180.3778,1208.7411,1.2998,100.2789,0.1209,1.42,0.962,198.7199,65.6333,6.8715,414.1525,8.6625,0.9629,190.0574,64.1668,12.5473
31,2975.88,2489.7,2191.6667,1153.9011,1.2569,100.6767,0.121,1.4481,0.9515,199.6605,68.6444,7.3997,422.9413,9.8631,0.9596,189.7974,74.7081,12.4222
32,3058.61,2492.36,2180.3778,1208.7411,1.2998,100.2789,0.1209,1.5602,0.9595,206.5154,65.3667,11.3994,417.3887,9.75,0.9582,196.7655,64.485,12.5473
33,3047.19,2524.18,2197.3111,969.891,1.3015,105.3911,0.1201,1.5837,0.9581,199.4722,62.6667,11.6646,414.2214,9.7447,0.972,189.7275,64.0917,12.4222
34,2981.31,2566.35,2197.3111,969.891,1.3015,105.3911,0.1201,1.5047,0.9721,199.2977,65.4556,9.5945,417.114,9.672,0.9726,189.6257,64.1536,12.4278
35,2963.83,2457.64,2225.1777,1457.7934,1.2414,110.2789,0.1211,1.5374,0.9757,199.5802,66.8889,7.203,419.3116,9.6398,0.9651,189.9403,64.2529,12.5473
36,3040.72,2477.35,2191.6667,1153.9011,1.2569,100.6767,0.121,1.3475,0.9517,200.1074,66.4778,4.5248,400.7535,10.4472,0.9715,189.6602,64.3085,12.2749
37,2989.47,2445.44,2223.1667,1522.5535,1.1981,110.6333,0.121,1.5316,0.9614,199.2808,65.2667,7.4758,422.0675,10.499,0.9758,188.7817,64.1668,12.4231
38,2981.54,2302.46,2221.8445,1416.8211,1.1758,111.6278,0.121,1.44,0.9651,199.6613,65.2222,5.804,410.4105,9.4864,0.9629,190.1748,64.1668,12.4231
39,2958.09,2542.24,2222.6778,1547.6125,1.4431,110.5644,0.1211,1.478,0.9665,199.6664,68.3222,5.4971,409.9835,9.7739,0.9731,189.8925,64.1114,12.5724
40,3017.21,2530.67,2169.4667,1185.4449,1.2412,100.8444,0.1221,1.5335,0.9605,200.1657,70.5111,5.2868,420.1729,9.8035,0.9696,190.3622,74.7081,12.4622
41,2962.14,2545.71,2221.5778,1503.623,1.1878,111.3444,0.1211,1.5424,0.9691,198.7302,63.5111,6.4395,417.85,9.5543,0.9729,189.1758,64.4425,12.5473
42,3017.1,2517.18,2180.3778,1208.7411,1.2998,100.2789,0.1209,1.4652,0.9534,200.0984,64.1778,5.7909,403.6371,10.0255,0.962,190.0729,64.0172,12.4222
43,3021.26,2503.46,2180.3778,1208.7411,1.2998,100.2789,0.1209,1.5042,0.9542,199.8881,62.2889,5.109,406.9902,10.0005,0.9623,189.8876,64.1871,12.4222
44,3000.36,2748.67,2174.8666,1039.2291,1.0455,103.6,0.1221,1.5337,0.9617,193.9873,69,5.5022,407.3229,10.194,0.9714,183.7933,64.7132,12.2939
45,3047.78,2490.71,2166.5222,907.0746,1.0647,104.5211,0.1221,1.5764,0.9611,202.1342,60.8444,5.3695,414.0669,10.1081,0.967,192.0261,64.4425,12.4871
46,2912.87,2446.25,2166.5222,907.0746,1.0647,104.5211,0.1221,1.5336,0.9625,201.7858,69.0667,5.1046,408.7597,10.0934,0.9679,191.6925,64.7132,12.4871
47,3076.38,2475.53,2166.5222,907.0746,1.0647,104.5211,0.1221,1.4919,0.9493,200.0401,63.1333,13.9864,420.1404,10.6454,0.9748,189.3948,64.3732,12.4871
48,3055.97,2788.4,2166.5222,907.0746,1.0647,104.5211,0.1221,1.5179,0.948,199.9997,61.8667,5.1376,421.5875,9.7465,0.9668,190.2532,64.2199,12.4871
49,2993.59,2345.95,2169.4667,1185.4449,1.2412,100.8444,0.1221,1.5533,0.9606,199.3216,69.0667,7.359,416.8137,9.7807,0.9695,189.5409,74.7081,12.4622
50,2946.86,2533.91,2174.8666,1039.2291,1.0455,103.6,0.1221,1.5516,0.9487,195.9192,69.5556,4.7895,406.4293,10.2702,0.9684,185.649,64.2234,12.4871
51,2942.31,2446.74,2172.9778,1222.6067,1.3658,101.84,0.122,1.5717,0.962,201.4822,68.3556,6.5073,418.8194,10.0409,0.9678,191.4413,74.7081,12.4622
52,2993.14,2520.21,2180.6778,1230.6762,1.4095,103.3778,0.1205,1.5277,0.9453,200.4381,64.4222,16.5926,426.847,10.2057,0.9663,190.2324,64.3732,12.4871
53,2938.41,2466.78,2166.5222,907.0746,1.0647,104.5211,0.1221,1.471,0.9493,196.472,67.2667,3.5131,397.7444,10.7124,0.9685,185.7595,64.7132,12.4871
54,3058.98,2484.31,2172.9778,1222.6067,1.3658,101.84,0.122,1.5321,0.9527,200.0029,64.0778,13.4387,422.3048,10.6441,0.9768,189.3587,64.1536,12.4278
55,2950.46,2398.44,2180.6778,1230.6762,1.4095,103.3778,0.1205,1.6486,0.9453,200.4054,62.3667,5.3316,422.2173,10.3876,0.9682,190.0178,64.229,12.4871
56,3060.03,2809.79,2166.5222,907.0746,1.0647,104.5211,0.1221,1.5512,0.9439,199.4196,64.7111,4.9034,427.5748,10.2718,0.9653,189.1478,64.229,12.4871
57,2983.09,2569.81,2206.5112,1244.1552,1.2691,101.6667,0.1229,1.4873,0.9574,199.7442,70.0889,3.3665,393.6668,10.68,0.9738,189.0642,63.9715,12.5235
58,2935.94,2586.05,2164.4111,1206.6031,0.9799,100.5189,0.122,1.4786,0.9613,198.6318,63.4,2.2493,396.9681,9.9522,0.9685,188.6797,64.3732,12.4649
59,3004.09,2388.74,2223.8,1503.1248,1.1705,110.06,0.1211,1.4441,0.9569,200.0352,63.6,4.2144,404.6055,11.0203,0.971,189.0149,64.229,12.5473
60,3020.76,2481.28,2197.3111,969.891,1.3015,105.3911,0.1201,1.5632,0.9537,199.8442,66.7222,5.2834,415.4686,10.6095,0.9719,189.2346,64.2828,12.4278
61,3042.08,2694.31,2206.5112,1244.1552,1.2691,101.6667,0.1229,1.5928,0.9667,191.1495,68.0222,4.173,396.881,9.932,0.9722,181.2176,64.7132,12.5235
62,3000.56,2541.92,2220.5445,1192.8757,1.3872,106.2567,0.1218,1.5644,0.9644,191.4789,63.9778,10.2455,410.013,9.1397,0.9729,182.3391,64.1668,12.5235
63,2990.22,2483.66,2206.5112,1244.1552,1.2691,101.6667,0.1229,1.4729,0.9755,191.225,68,11.4142,408.2936,9.1557,0.9799,182.0693,63.9715,12.5724
64,3016.64,2492.8,2246.4889,1006.9548,1.0997,103.3222,0.1184,1.5068,0.9649,201.893,63.5778,11.4445,425.767,8.8833,0.9692,193.0096,64.0502,12.4247
65,2980.84,2628.76,2187.5222,1268.6598,1.4503,102.4622,0.1233,1.4672,0.9682,195.2619,68.1222,14.1603,426.2799,9.1136,0.9742,186.1483,64.2234,
66,2847.81,2461.38,2202.7111,1010.4454,1.0032,104.3067,0.1225,1.497,0.9679,195.6413,67.8444,9.973,409.5656,9.708,0.9741,185.9333,64.2234,12.4659
67,,2544.52,2202.7111,1010.4454,1.0032,104.3067,0.1225,1.4727,0.9696,195.4928,65.1667,15.9505,429.7235,9.0959,0.975,186.3969,64.1658,12.4659
68,2975.64,2508.28,2202.7111,1010.4454,1.0032,104.3067,0.1225,1.5079,0.9663,195.5961,61.6222,17.1168,430.6053,9.118,0.9727,186.478,64.3328,12.4247
69,3066.19,2702.64,2246.4889,1006.9548,1.0997,103.3222,0.1184,1.444,0.9671,194.4585,65.6333,17.2065,428.5948,9.7637,0.9724,184.6948,64.485,12.4659
70,2873.35,2565.8,2220.5445,1192.8757,1.3872,106.2567,0.1218,1.5569,0.968,201.6988,68.3444,10.158,405.8365,9.3711,0.9622,192.3277,63.9715,12.5235
71,3045.03,2315.76,2246.4889,1006.9548,1.0997,103.3222,0.1184,1.5693,0.9682,201.5153,68.3,12.655,418.8553,9.3955,0.9622,192.1198,64.1596,12.4247
72,3090.18,2375.49,2191.6667,1107.433,1.3529,103.4233,0.1206,1.5769,0.9653,195.9164,70.7667,5.9519,408.6125,9.8426,0.9731,186.0737,63.9715,12.5235
73,2955.85,2623.1,2191.6667,1107.433,1.3529,103.4233,0.1206,1.4395,0.9556,200.1743,63.3444,7.3859,400.351,10.1235,0.9724,190.0507,64.3732,12.4247
74,3006.23,2424.37,2220.5445,1192.8757,1.3872,106.2567,0.1218,1.4829,0.9642,195.4162,65.4667,4.5654,395.9865,10.5025,0.9716,184.9138,64.1968,12.4871
75,2958.05,2450.25,2199.3334,1017.9399,1.2414,100.5544,0.1214,1.4981,0.9536,202.5742,65.2889,4.0799,399.0785,9.902,0.9632,192.6721,64.235,
76,2999.72,2492.29,2191.6667,1107.433,1.3529,103.4233,0.1206,1.4656,0.9589,199.6948,64.8111,8.3864,402.8367,10.1394,0.9755,189.5554,64.1668,12.4743
77,2918.9,2500.41,2183.4333,1582.5646,1.3601,99.0267,0.124,1.4408,0.9511,202.15,64.6444,3.1509,403.2555,9.946,0.9693,192.204,64.235,12.5088
78,2926.07,2505.73,2191.6667,1107.433,1.3529,103.4233,0.1206,1.5371,0.9528,200.1845,64.6222,3.4345,427.1292,9.9707,0.9704,190.2138,64.229,12.4247
79,3032.89,2500.81,2183.4333,1582.5646,1.3601,99.0267,0.124,1.4615,0.9581,199.5653,60.9222,9.0188,405.2932,10.0926,0.974,189.4727,64.4425,12.4743
80,2865.31,2531.75,2246.4889,1006.9548,1.0997,103.3222,0.1184,1.5264,0.9613,201.4855,67.5333,12.9025,419.9636,9.4946,0.9555,191.9909,64.2234,12.4247
81,2855.8,2537.35,2183.4333,1582.5646,1.3601,99.0267,0.124,1.4912,0.9681,199.2058,64,10.6604,397.5674,10.3558,0.974,188.85,64.229,12.4659
82,2930.22,2417.85,2246.4889,1006.9548,1.0997,103.3222,0.1184,1.5218,0.9584,195.8258,68.5444,5.132,410.2025,8.8623,0.9732,186.9636,64.7132,12.4659
83,2971.99,2502.62,2239.3,1192.7495,1.2479,100.1189,0.1187,1.5824,0.9649,201.9597,62.8333,4.7482,404.6931,9.6496,0.9695,192.31,64.3328,12.4659
84,2940.53,2459.87,2202.7111,1010.4454,1.0032,104.3067,0.1225,1.5884,0.9558,194.6922,67.5222,7.5957,427.1576,8.9623,0.9718,185.7299,64.2122,12.5088
85,2916.41,2503.59,2246.4889,1006.9548,1.0997,103.3222,0.1184,1.6026,0.9645,199.4803,62.6556,8.0833,397.9443,10.204,0.977,189.2763,64.229,12.5724
86,3047.67,2565.03,2199.3334,1017.9399,1.2414,100.5544,0.1214,1.488,0.9489,202.287,64.1667,2.908,416.8999,9.9919,0.969,192.2951,64.2529,12.4771
87,3082.45,2739.19,2199.3334,1017.9399,1.2414,100.5544,0.1214,1.5553,0.9609,202.2491,66.6889,12.4225,405.7057,10.3618,0.9597,191.8873,64.0838,12.4771
88,3088.82,2655.37,2183.4556,955.9073,1.1048,102.6978,0.1223,1.3296,0.9537,202.6471,68.9222,4.0536,405.261,10.1496,0.9775,192.4975,63.9947,12.4882
89,3090.42,2531.98,2265.1889,1740.3297,1.4715,100.3889,0.1222,1.3167,0.9511,202.1463,68.2222,4.7155,415.6802,10.17,0.9758,191.9762,63.9947,12.4882
90,3031.9,2414.83,2191.9,1936.7653,1.5291,98.1244,0.1254,1.4989,0.9673,199.629,66.0889,11.7405,427.7605,9.4636,0.9657,190.1654,64.1536,12.4743
91,3029.16,2519.68,2265.1889,1740.3297,1.4715,100.3889,0.1222,1.4527,0.9487,201.701,61.2556,4.7764,405.1486,10.1361,0.9747,191.5649,63.8228,12.4967
92,3040.63,2547.43,2174.8666,1039.2291,1.0455,103.6,0.1221,1.5867,0.9534,194.3909,67.0222,4.6731,403.3538,10.0685,0.9696,184.3224,64.3976,12.4278
93,3039.93,2447.89,2246.4889,1006.9548,1.0997,103.3222,0.1184,1.5414,0.9631,193.9698,60.9111,8.1787,412.8356,9.9865,0.9698,183.9833,64.1871,12.4278
94,2922.94,2478.55,2193.1555,1172.6226,1.2752,101.1111,0.1209,1.5024,0.9629,199.6448,65.2,9.4702,404.7365,9.3991,0.971,190.2458,64.1968,12.5698
95,3046.33,2545.34,2172.3666,1752.3206,1.3622,97.2633,0.1269,1.5409,0.9612,199.6455,64.8,3.8361,399.7667,10.1871,0.9685,189.4584,64.3976,12.5088
96,3081.07,2560.99,2180.1556,1822.5073,1.2579,98.1289,0.1261,1.5048,0.9477,203.2749,65.3,13.4292,408.6389,10.0165,0.9668,193.2584,64.2828,12.4771
97,2992.4,2467.07,2191.6667,1107.433,1.3529,103.4233,0.1206,1.4993,0.9549,199.6784,62.7556,7.6212,395.5722,10.1679,0.972,189.5104,64.1668,12.4659
98,3049.31,2453.82,2265.1889,1740.3297,1.4715,100.3889,0.1222,1.531,0.9649,198.6113,67.1556,15.4785,422.5091,10.3122,0.9712,188.2991,63.9947,12.4882
99,3011.49,2537.9,2183.4556,955.9073,1.1048,102.6978,0.1223,1.6227,0.9649,198.9,61.7444,14.0894,416.6665,10.3165,0.9711,188.5834,63.8228,12.4882
100,2913.15,2544.52,2232.5889,1717.275,1.67,104.1067,0.1223,1.5115,0.977,198.4355,60.5,10.179,405.2096,9.1935,0.9806,189.242,64.2199,12.5724
101,3080.26,2526.82,2265.1889,1740.3297,1.4715,100.3889,0.1222,1.5035,0.9648,199.0475,67.8111,14.4227,415.8519,10.2777,0.9712,188.7698,63.9947,12.4882
102,3070.5,2439.13,2209.9222,1693.5732,1.3918,99.0811,0.125,1.3609,0.9563,208.2673,64,17.8597,422.9505,9.5313,0.9537,198.736,63.8228,12.4882
103,2960.18,2459.62,2213.7667,1679.3498,1.0685,98.1978,0.1235,1.4581,0.9598,208.633,66.2556,18.8626,421.8025,9.5094,0.9573,199.1236,64.2949,
104,2960.65,2436.17,2265.1889,1740.3297,1.4715,100.3889,0.1222,1.5748,0.9646,197.6366,61.7667,15.0233,418.0322,10.3441,0.971,187.2925,63.8228,12.4967
105,3000.46,2523.08,2191.9,1936.7653,1.5291,98.1244,0.1254,1.4051,0.956,199.3181,65.7333,12.9074,432.9016,9.4655,0.9735,189.8525,64.235,12.4371
106,2946.86,2474.05,2220.7111,1064.8446,0.9747,103.0567,0.1193,1.4039,0.9455,206.3514,66.9778,5.9532,400.1708,10.3933,0.9569,195.9582,64.2949,
107,2831.91,2433.96,2171.9,1811.8799,1.3811,99.22,0.1276,1.3985,0.9561,199.4706,61.6444,13.4953,426.9365,9.4541,0.9736,190.0165,64.2232,12.4867
108,2872.4,2607.75,2172.3666,1752.3206,1.3622,97.2633,0.1269,1.4876,0.951,203.3075,65.4333,3.636,404.9856,9.8652,0.9606,193.4424,64.235,
109,3054.78,2479.17,2171.9,1811.8799,1.3811,99.22,0.1276,1.4321,0.9539,199.6391,62.9667,13.0316,425.6525,9.4543,0.9726,190.1848,64.235,12.5698
110,3086.88,2395.85,2171.9,1811.8799,1.3811,99.22,0.1276,1.4639,0.9501,202.7572,63.6444,12.7841,416.9489,10.3001,0.96,192.4571,64.2232,12.469
111,2913.42,2437.69,2220.7111,1064.8446,0.9747,103.0567,0.1193,1.5242,0.9689,199.3755,68.3333,4.4125,404.9075,10.7339,0.9731,188.6416,64.2529,12.4743
112,3039.57,2583.78,2197.8445,1907.8909,1.1799,99.6667,0.1247,1.5847,0.9668,199.0997,67.4,6.0177,408.9852,10.077,0.9745,189.0227,64.2122,
113,2958.13,2485.57,2197.8667,1888.0388,1.1988,100.2811,0.1247,1.5497,0.964,199.0418,63.3556,13.6445,406.2111,9.4815,0.9616,189.5602,64.3328,12.4371
114,2928.16,2523.21,2210.6111,1184.6481,1.2577,102.9356,0.1201,1.4453,0.9424,198.8602,70.1667,4.7513,406.291,10.2926,0.9517,188.5676,64.2234,12.5698
115,2951.2,2418.83,2181.1555,988.766,0.9454,101.3611,0.1215,1.4634,0.9661,201.8303,64.6556,12.7948,407.8339,10.2747,0.9714,191.5555,64.2949,12.5849
116,3002.85,2502.05,2232.5889,1717.275,1.67,104.1067,0.1223,1.4518,0.9659,198.8576,60.2667,5.7237,403.9325,9.4372,0.9735,189.4203,64.0502,12.4827
117,3046.34,2307.24,2178.1444,1074.5145,1.226,101.0956,0.1218,1.4443,0.9492,202.9989,62.2111,11.7968,401.278,10.286,0.9596,192.7129,64.2232,12.5698
118,,2810.12,2232.5889,1717.275,1.67,104.1067,0.1223,1.5166,0.9496,202.8416,64.7111,15.2822,422.8612,10.4161,0.9609,192.4255,64.235,12.5088
119,2985.11,2496.73,2220.7111,1064.8446,0.9747,103.0567,0.1193,1.474,0.9438,206.4474,63.9444,5.8117,401.2955,10.3131,0.9561,196.1343,64.3328,12.5698
120,2943.58,2512.49,2171.9,1811.8799,1.3811,99.22,0.1276,1.4046,0.9663,199.0794,65.7778,11.4788,404.3473,9.1952,0.9733,189.8842,64.7132,12.5698
121,2992.89,2481.43,2183.4556,955.9073,1.1048,102.6978,0.1223,1.4649,0.9657,199.6813,68.2556,18.1408,411.6088,10.3346,0.9721,189.3467,64.1596,
122,2962.27,2495.35,2171.9,1811.8799,1.3811,99.22,0.1276,1.5385,0.9662,199.2753,67.1778,11.7113,399.6304,10.2041,0.9734,189.0711,64.3085,12.4371
123,3043.67,2518.21,2222.3222,1678.9669,1.5099,99.6944,0.1248,1.537,0.9563,197.9708,67.5778,9.6926,415.1418,10.786,0.9724,187.1847,64.1596,12.4659
124,3024.46,2468.33,2222.3333,1720.9033,1.315,100.3989,0.1231,1.5374,0.9522,210.5179,63.1444,5.6793,417.4052,10.3635,0.9566,200.1544,64.0502,
125,3032.81,2534.74,2239.4223,1997.3782,1.5397,98.3356,0.1229,1.4974,0.9629,201.6839,65.4778,16.8343,426.7663,9.5521,0.9781,192.1317,63.9947,12.5022
126,3020.12,2416.73,2196.6555,1066.1908,1.2188,101.89,0.1211,1.3642,0.9669,197.5256,61.8778,12.6505,415.3988,10.1442,0.9785,187.3814,64.0107,12.3376
127,2955.3,2460.08,2191.9,1936.7653,1.5291,98.1244,0.1254,1.4125,0.9636,198.4576,61.8333,12.5444,415.0011,9.1855,0.9716,189.2721,64.0502,12.4247
128,3100.44,2690.99,2239.4223,1997.3782,1.5397,98.3356,0.1229,1.543,0.9742,200.121,68.4333,2.8173,415.4615,10.5682,0.9716,189.5527,63.9947,12.5022
129,2976.48,2502.96,2232.5889,1717.275,1.67,104.1067,0.1223,1.4306,0.9666,198.2496,66.9333,5.0234,403.6461,9.6527,0.9738,188.5969,64.2529,12.4247
130,3056.5,2481.09,2220.4444,1637.2946,1.368,100.5189,0.1231,1.4402,0.9668,202.7691,61.6778,5.2075,408.731,9.6506,0.9636,193.1185,64.3328,12.4659
131,3017.5,2634.3,2183.4556,955.9073,1.1048,102.6978,0.1223,1.47,0.9514,210.618,69.3333,5.8718,420.8003,10.3046,0.9563,200.3134,64.2234,12.4659
132,3003.13,2714.3,2171.9,1811.8799,1.3811,99.22,0.1276,1.424,0.9557,199.1319,67.6333,5.5904,414.1055,9.7109,0.9732,189.421,64.1596,12.469
133,2924.23,2531.34,2196.6555,1066.1908,1.2188,101.89,0.1211,1.3872,0.9513,197.6882,63.2778,12.6325,414.5268,10.4655,0.9604,187.2226,64.1871,12.4247
134,3023.86,2432.85,2172.3666,1752.3206,1.3622,97.2633,0.1269,1.4712,0.9669,199.5552,66.0556,10.0725,406.1241,9.3766,0.9741,190.1786,64.1968,12.4743
135,3020.46,2477.86,2242.2444,1695.7049,1.4215,99.9944,0.1215,1.4845,0.9661,200.0653,63.9,3.4456,415.2112,9.7499,0.9709,190.3154,64.3328,12.4961
136,3035.71,2567.29,2222.3222,1678.9669,1.5099,99.6944,0.1248,1.3325,0.9613,202.5176,63.3778,6.1052,402.1135,9.7481,0.9594,192.7696,64.3328,12.4371
137,2917.86,2490.86,2178.1444,1074.5145,1.226,101.0956,0.1218,1.4704,0.9614,197.6029,67.6556,4.111,397.7479,10.7572,0.97,186.8457,64.2122,12.4371
138,3044.46,2497.58,2178.1444,1074.5145,1.226,101.0956,0.1218,1.3714,0.9802,197.7226,63.5778,13.1215,405.3276,9.9339,0.9796,187.7887,64.2232,12.5849
139,2959.65,2576.84,2171.9,1811.8799,1.3811,99.22,0.1276,1.4523,0.9602,198.3949,67.3111,3.0397,427.7382,9.712,0.9705,188.6829,64.2949,12.5698
140,2936.3,2473.27,2181.1555,988.766,0.9454,101.3611,0.1215,1.3809,0.9725,197.7873,63.8444,10.7997,405.0256,9.4602,0.9744,188.3271,64.2232,12.5386
141,3001.41,2581.07,2224.4778,994.9032,1.2834,101.8267,0.1191,1.5668,0.9624,202.3423,65.9556,12.2894,407.8117,10.0681,0.9607,192.2742,63.8744,12.5816
142,3072.73,2587.6,2224.4778,994.9032,1.2834,101.8267,0.1191,1.4491,0.9649,202.4693,65.8333,10.3889,402.1235,10.1625,0.963,192.3068,63.8744,12.5816
143,2989.63,2364.73,2196.6555,1066.1908,1.2188,101.89,0.1211,1.4921,0.9534,198.8279,62.9667,12.0343,424.5715,10.4762,0.9703,188.3518,64.2232,12.5698
144,3027.1,2374.5,2222.3222,1678.9669,1.5099,99.6944,0.1248,1.4149,0.9533,198.1227,64.0778,11.1383,401.5993,10.1297,0.9717,187.993,64.3732,12.4743
145,2950,2539.37,2196.6555,1066.1908,1.2188,101.89,0.1211,1.4786,0.9757,197.6278,63.4889,12.4346,399.7357,10.6526,0.9707,186.9752,64.229,12.4743
146,3095.5,2394.58,2196.6555,1066.1908,1.2188,101.89,0.1211,1.4785,0.9681,197.5659,62.9889,12.0865,407.8535,10.098,0.9791,187.4679,64.0107,12.3376
147,3049.19,2406.22,2222.3222,1678.9669,1.5099,99.6944,0.1248,1.4599,0.9624,202.3733,68.0444,4.5888,400.9583,9.7663,0.9602,192.607,64.2122,12.4371
148,3050.47,2515.3,2242.2444,1695.7049,1.4215,99.9944,0.1215,1.5572,0.9632,202.5378,63,5.5943,420.9981,10.5235,0.9588,192.0143,64.0502,12.4247
149,2957.73,2581.93,2224.4778,994.9032,1.2834,101.8267,0.1191,1.5637,0.9691,202.688,66.2222,6.0188,415.117,10.54,0.9733,192.1481,63.9947,12.4216
150,2963.35,2537.4,2222,1630.1128,1.3555,100.0144,0.1231,1.4416,0.9514,202.8599,65.3222,3.5932,398.9811,10.4996,0.9608,192.3604,64.0838,12.4771
151,2983.27,2522.16,2219.8222,1032.5542,1.2795,102.3356,0.1195,1.5708,0.9597,197.3481,65.0444,11.5545,421.3891,10.1964,0.972,187.1517,63.8744,12.4796
152,3095.06,2494.55,2180.1556,1822.5073,1.2579,98.1289,0.1261,1.5796,0.9531,199.63,64,5.7765,418.4673,10.5284,0.9721,189.1017,64.1363,12.4253
153,2999.18,2560.67,2222.3222,1678.9669,1.5099,99.6944,0.1248,1.4635,0.9564,198.2386,66.7111,11.792,420.1566,9.9372,0.9641,188.3014,64.2949,
154,2939.56,2557.94,2242.2444,1695.7049,1.4215,99.9944,0.1215,1.4313,0.9608,201.9255,67.9778,5.7457,419.8092,9.6793,0.97,192.2461,63.9715,12.4827
155,2973.86,2359.01,2196.6555,1066.1908,1.2188,101.89,0.1211,1.4544,0.9554,198.2289,65.8,9.5221,403.3885,10.7177,0.972,187.5112,64.2122,12.469
156,3052.82,2525.33,2186.2667,1088.7359,1.2723,103.5633,0.1212,1.4891,0.96,202.7228,70.2444,2.4472,412.4277,10.7668,0.974,191.9561,64.2144,12.5098
157,2914.47,2492.14,2181.6111,1083.3937,1.2484,104.1478,0.1216,1.5568,0.9515,202.4492,61.2222,2.9634,414.3435,10.5142,0.9738,191.935,64.1871,12.4371
158,2959.86,2491.19,2208,1835.9832,1.5714,100.2478,0.1238,1.468,0.9649,196.7845,63.9,3.3456,419.7146,8.0711,0.9787,188.7133,64.2232,12.3376
159,2964.77,2524.44,2181.5111,1177.083,1.3012,100.9333,0.1215,1.4047,0.963,195.5249,69.0111,11.7113,408.0994,9.8767,0.9748,185.6482,64.2144,12.5098
160,3045.7,2456.17,2184.8778,960.8486,1.016,102.5333,0.1214,1.5859,0.9652,198.1573,71.1222,4.2038,411.9064,9.4522,0.9595,188.7051,64.2175,12.5563
161,3057.03,2468.41,2184.8778,960.8486,1.016,102.5333,0.1214,1.4549,0.9579,201.0679,68.8556,19.5465,429.0356,9.6394,0.9579,191.4285,63.8874,12.5563
162,2969.52,2546.75,2221.9444,1551.6947,1.5296,99.2678,0.1222,1.4519,0.9649,198.8842,63.2556,3.6676,405.2775,9.9547,0.973,188.9295,64.0107,12.5022
163,2892.37,2517.09,2184.8778,960.8486,1.016,102.5333,0.1214,1.458,0.9581,200.4383,67.6333,12.7227,416.5171,9.7123,0.9577,190.726,63.8874,12.5549
164,3026.77,2474.32,2181.6111,1083.3937,1.2484,104.1478,0.1216,1.4059,0.9636,196.5244,63.3889,13.1655,411.0683,10.2585,0.9722,186.2659,64.0838,12.4771
165,2999.01,2447.29,2217.7556,1349.3451,1.2793,105.31,0.1237,1.5554,0.9531,199.3222,65.3556,3.3901,400.1254,10.5147,0.9712,188.8075,63.8744,12.4796
166,3072.75,2581.18,2221.9444,1551.6947,1.5296,99.2678,0.1222,1.4704,0.9759,198.4669,69.8778,4.4656,406.2116,9.4018,0.9745,189.0652,63.9715,12.548
167,3090.97,2469.6,2218.7889,1622.3514,1.2043,98.2667,0.1224,1.5129,0.9584,198.9612,68.3444,10.6658,409.2243,9.6762,0.9578,189.285,63.8874,12.5563
168,2889.26,2529.16,2184.8778,960.8486,1.016,102.5333,0.1214,1.5285,0.9698,197.595,70.1889,4.4969,410.5465,9.4154,0.9631,188.1796,64.23,12.5102
169,2964.85,2493.32,2218.7889,1622.3514,1.2043,98.2667,0.1224,1.4377,0.9618,199.641,70.4,9.3781,412.8914,9.7516,0.9613,189.8894,63.8874,12.5563
170,3041.56,2508.56,2184.8778,960.8486,1.016,102.5333,0.1214,1.5473,0.9496,200.0665,69.3222,4.8999,409.967,9.9098,0.9601,190.1566,64.23,12.5102
171,2908.06,2465.07,2221.9444,1551.6947,1.5296,99.2678,0.1222,1.4435,0.9609,200.4927,61.3222,6.3614,418.3739,9.9009,0.9687,190.5918,64.0502,12.5022
172,2949.65,2335.06,2184.8778,960.8486,1.016,102.5333,0.1214,1.5186,0.9786,197.6454,63.3778,4.9655,405.0443,9.4318,0.9728,188.2137,64.0107,12.5506
173,2954.44,2576.94,2221.9444,1551.6947,1.5296,99.2678,0.1222,1.4767,0.9622,198.4958,65.5111,4.6105,418.5487,9.9242,0.9691,188.5717,64.3732,12.5037
174,3018,2320.05,2248.4222,1418.5634,1.4905,102.6444,0.1212,1.5792,0.9022,198.6815,65.3111,4.4432,401.3819,9.3644,0.9083,189.3171,64.2122,12.5486
175,2929.2,2486.59,2234.6111,1590.1699,1.2049,98.7567,0.1208,1.5884,0.9738,197.0611,62.7444,4.023,409.6585,9.7024,0.9714,187.3587,64.0502,12.5506
176,3071.09,2521.23,2248.4222,1418.5634,1.4905,102.6444,0.1212,1.6138,0.9534,199.309,65.8444,4.6595,427.4906,9.5947,0.9718,189.7143,64.2122,12.5698
177,3033.95,2505.4,2248.4222,1418.5634,1.4905,102.6444,0.1212,1.3868,0.9679,197.5779,67.8222,5.2679,423.2805,9.8714,0.9789,187.7066,64.2144,12.3376
178,3075.87,2501.93,2248.4222,1418.5634,1.4905,102.6444,0.1212,1.5442,0.9723,202.3061,63.3111,4.5056,419.2395,9.9055,0.9768,192.4006,64.3323,12.3376
179,2846.07,2514.66,2234.6111,1590.1699,1.2049,98.7567,0.1208,1.5622,0.9698,198.117,68.1556,14.0406,414.3115,10.6319,0.9798,187.4852,64.2144,12.5724
180,2916.54,2480.64,2256.1222,1226.2217,1.4656,106.3122,0.1209,1.5496,0.9678,198.1241,68.0444,4.4218,405.6806,9.8774,0.9778,188.2466,64.5164,12.5724
181,3058.89,2504.38,2221.9444,1551.6947,1.5296,99.2678,0.1222,1.4068,0.9755,198.6727,62.7889,13.2758,408.0131,9.5528,0.9736,189.1198,64.0107,12.5506
182,2997.07,2543.11,2256.1222,1226.2217,1.4656,106.3122,0.1209,1.4779,0.9687,198.3858,69.9333,3.6439,404.3204,9.5153,0.9737,188.8705,64.2144,12.5724
183,2928.03,2497.03,2221.9444,1551.6947,1.5296,99.2678,0.1222,1.4494,0.9594,201.4312,63.7889,4.4757,414.649,9.8867,0.9673,191.5444,64.0107,12.5037
184,3028.65,2455.14,2228.0555,1816.9286,1.2244,100.2256,0.1231,1.4554,0.9522,202.9727,65.5778,9.87,406.5015,9.941,0.9611,193.0317,64.1536,12.469
185,2943.34,2485,2234.6111,1590.1699,1.2049,98.7567,0.1208,1.6081,0.969,197.8468,68.9444,11.8339,402.5961,10.6284,0.9793,187.2184,64.5164,12.3376
186,3022.71,2511.09,2220.7111,1064.8446,0.9747,103.0567,0.1193,1.4976,0.9566,199.6705,67.8,11.8975,420.7429,10.0516,0.9728,189.6189,64.3976,12.5088
187,2936.64,2509.65,2221.9444,1551.6947,1.5296,99.2678,0.1222,1.51,0.972,200.3313,61.3333,4.7401,428.7618,9.3127,0.9698,191.0186,64.2199,12.548
188,3035.2,2662.19,2221.9444,1551.6947,1.5296,99.2678,0.1222,1.4616,0.9722,200.4544,65.5889,9.5362,404.1228,9.6716,0.97,190.7828,64.1658,12.5506
189,3074.69,2391.71,2221.9444,1551.6947,1.5296,99.2678,0.1222,1.4746,0.9737,201.0161,64.1333,5.1672,417.2615,9.4571,0.9718,191.5589,64.1871,12.548
190,2938.03,2480.9,2138.8778,1046.6043,1.2559,103.34,0.124,1.4701,0.9723,200.7632,63.1333,6.1867,421.2201,9.9513,0.977,190.8119,64.235,12.5849
191,3024.74,2553.6,2171.8111,1007.2396,1.4598,104.7444,0.1252,1.4957,0.9453,197.284,66.7,14.6304,409.4658,10.0903,0.9666,187.1937,64.004,12.6202
192,3109.01,2487.16,2171.8111,1007.2396,1.4598,104.7444,0.1252,1.603,0.9518,197.6224,67.7222,9.9939,411.0956,10.083,0.9705,187.5394,64.1215,12.6202
193,2956.64,2436.12,2139.2667,1123.345,1.3699,102.2522,0.1254,1.384,0.9622,197.9232,63.7556,12.7786,406.3874,10.0985,0.9703,187.8247,64.1557,12.5547
194,3024.15,2521.24,2191.7889,1133.3967,1.3808,106.6711,0.1237,1.6035,0.9446,200.2513,67.4,6.0457,422.7032,10.0974,0.9667,190.1539,63.9006,12.6202
195,2997.41,2401.53,2139.2667,1123.345,1.3699,102.2522,0.1254,1.4845,0.9621,197.5258,64.7333,13.377,405.1345,10.3797,0.9702,187.1461,64.1658,12.5547
196,3030.17,2559.12,2220.7111,1064.8446,0.9747,103.0567,0.1193,1.515,0.9528,203.0877,66.5444,10.7258,395.2285,10.5223,0.9614,192.5654,64.3976,12.469
197,2967.4,2553.04,2304.2111,1857.8658,1.7719,96.9967,0.1183,1.5334,0.9521,198.6616,64.7889,4.4001,404.9213,9.4214,0.9615,189.2402,64.1536,12.4278
198,3067.34,2496.56,2177.1667,969.6185,1.0125,104.9322,0.1243,1.4833,0.955,198.7597,64.9,4.9195,407.3818,10.1262,0.9727,188.6334,63.8744,12.5549
199,3074.63,2538.75,2223.4,1104.9568,1.2479,105.7289,0.1219,1.5679,0.9663,203.0076,65.4444,5.1365,406.8667,9.3528,0.9712,193.6548,64.3323,12.3376
200,2992.92,2706.54,2146.8555,917.5352,1.0638,106.8833,0.126,1.3479,0.9498,199.9538,62.8778,7.1587,397.5708,10.2131,0.9611,189.7407,64.0107,12.5547
201,2896.63,2550.51,2165.6222,953.004,1.3366,105.9356,0.125,1.4281,0.9434,198.8053,67.7333,4.2628,412.501,10.4427,0.9678,188.3627,64.004,12.6202
202,3054.13,2511.14,2192.6889,1130.991,1.3923,102.1067,0.122,1.4005,0.974,195.1023,63.9889,10.1975,417.5535,10.4585,0.981,184.6438,64.3323,12.3376
203,3031.39,2632.88,2280.8222,1125.7334,0.6815,101.9111,0.1221,1.5362,0.9607,199.4963,62.6778,3.0095,392.5352,9.5536,0.9583,189.9427,64.0969,12.4322
204,2981.95,2279.48,2205.2889,1630.3112,1.2733,98.8056,0.1218,1.4334,0.9583,195.5076,69.9,4.0633,409.7165,10.4299,0.9718,185.0777,64.2803,12.4047
205,2977.98,2384.66,2212.7111,1062.6288,1.3848,101.93,0.1212,1.431,0.964,208.1239,67.5667,14.0538,423.2695,9.8416,0.9707,198.2823,63.9349,12.4578
206,3072.35,2551.84,2212.7111,1062.6288,1.3848,101.93,0.1212,1.5101,0.9607,207.1451,67.4222,13.4022,426.6365,9.9413,0.9684,197.2039,64.081,12.4578
207,2998.59,2559.07,2184.8889,982.8147,1.0124,103.1656,0.1245,1.3933,0.9462,199.5091,64.0333,8.0805,391.3714,10.3654,0.9575,189.1438,63.8677,12.6202
208,2855.96,2539.78,2187.4444,980.2436,1.0997,104.13,0.1233,1.4969,0.9617,198.6198,69.3778,6.8777,412.6033,9.8124,0.9641,188.8074,63.9006,12.4069
209,2962.13,2540.95,2211.3889,1763.4015,1.6569,101.9133,0.1212,1.4659,0.9477,197.8149,66.5778,4.083,411.4099,10.3541,0.9576,187.4609,63.7749,12.46
210,3051.32,2464.39,2205.2889,1630.3112,1.2733,98.8056,0.1218,1.4845,0.9541,199.9896,69.6111,13.6157,424.7793,10.1182,0.9712,189.8715,64.2803,12.4069
211,3104.4,2506.27,2205.4667,1035.6241,1.1295,105.56,0.1216,1.378,0.9617,199.8895,67.6556,12.7494,413.0471,9.6172,0.9594,190.2723,64.2803,12.4069
212,2892.99,2332.39,2216.9556,907.1863,1.4472,105.0367,0.1212,1.5094,0.9499,199.1247,66.2556,5.2595,417.0943,10.2754,0.9595,188.8493,64.0317,12.46
213,2995.76,2526.22,2230.0333,1668.6804,1.5739,99.0522,0.1204,1.5573,0.9567,200.2163,68,9.3836,427.7007,9.9101,0.9651,190.3062,63.7678,12.6063
214,3034.34,2631.47,2179.0445,2028.2208,1.5552,95.4256,0.1234,1.4281,0.9452,204.2667,68.8111,7.3072,403.0785,9.6664,0.9657,194.6004,64.004,12.6278
215,3075.76,2491.55,2185.9333,1659.6962,1.629,98.6822,0.1227,1.451,0.9502,203.9864,69.9222,10.8725,406.2164,9.6884,0.9689,194.298,63.9006,12.4322
216,3043.05,2466.36,2205.2889,1630.3112,1.2733,98.8056,0.1218,1.4538,0.9533,199.3215,66.1222,7.4024,411.3634,10.6033,0.971,188.7182,64.1658,12.3741
217,2940.5,2441.61,2205.2889,1630.3112,1.2733,98.8056,0.1218,1.358,0.9659,200.3236,66.2778,6.4351,392.4189,10.3512,0.9648,189.9724,63.9038,12.3741
218,3065.36,2162.87,2211.3889,1763.4015,1.6569,101.9133,0.1212,1.5337,0.9681,198.7876,70.5333,7.0078,403.4078,9.4274,0.9735,189.3602,63.7959,12.4578
219,3038.21,2521.84,2273.7556,1549.8407,1.4105,105.0467,0.1171,1.3666,0.958,198.4092,70.9778,14.1879,426.1956,10.0229,0.9678,188.3863,64.2033,12.6063
220,2912.76,2480.54,2233.7666,1772.4931,0.9501,100.7256,0.1215,1.4029,0.9759,198.8363,68.1778,9.7333,418.6612,10.3441,0.9792,188.4922,63.7749,12.4527
221,3091.71,2548.95,2233.7666,1772.4931,0.9501,100.7256,0.1215,1.521,0.9599,197.8643,68.3222,7.661,410.6937,10.2848,0.9674,187.5795,64.0317,12.46
222,2907.96,2439.31,2225.5889,1890.2199,1.6,97.2756,0.1202,1.5356,0.9451,198.1369,69.2,5.1309,415.138,9.9969,0.9665,188.1401,63.7749,12.46
223,3037.49,2463.11,2205.2889,1630.3112,1.2733,98.8056,0.1218,1.3605,0.9619,199.7563,69.0667,6.8695,396.9662,10.3504,0.961,189.4059,64.2803,12.3741
224,2971.15,2474.95,2185.9333,1659.6962,1.629,98.6822,0.1227,1.4355,0.9504,203.0964,61.7222,12.3751,417.7334,10.0072,0.9687,193.0892,64.2033,12.6063
225,3076.52,2502.62,2197.6444,1247.0334,0.7865,99.9211,0.1203,1.5059,0.9692,201.7841,70.9556,8.2955,420.5541,10.2875,0.9794,191.4966,63.7959,12.4578
226,2999.86,2287.9,2197.6444,1247.0334,0.7865,99.9211,0.1203,1.4785,0.9519,202.323,67.6667,7.9176,415.7125,10.3412,0.9694,191.9819,64.081,12.46
227,2992.52,2470.14,2197.6444,1247.0334,0.7865,99.9211,0.1203,1.4703,0.969,201.9097,70.0444,7.6963,421.8317,10.3261,0.9795,191.5835,63.7959,12.4578
228,3109.02,2472.13,2197.6444,1247.0334,0.7865,99.9211,0.1203,1.4406,0.97,201.7606,62.5111,8.6333,421.0477,10.3431,0.9794,191.4175,64.0491,12.4527
229,2954.1,2489.91,2179.0445,2028.2208,1.5552,95.4256,0.1234,1.4685,0.9572,201.7063,67.2333,6.1833,401.8106,9.9873,0.9662,191.719,63.9266,12.6063
230,3006.22,2257.81,2185.9333,1659.6962,1.629,98.6822,0.1227,1.4557,0.9539,199.6664,68.9,10.1,408.6915,10.1897,0.9688,189.4768,63.9006,12.6063
231,3088.73,2378.95,2185.9333,1659.6962,1.629,98.6822,0.1227,1.3731,0.9475,203.3401,67.9667,12.4201,424.5263,10.005,0.9677,193.3351,64.004,12.4322
232,2940.65,,2214.0556,1150.7775,1.3772,102.9389,0.1205,1.4978,0.9709,201.9724,61.5778,7.7634,410.5165,10.3643,0.9803,191.6082,64.0969,12.4578
233,2948.42,2444.55,2204.9223,1787.6757,1.5138,100.4322,0.1216,1.3906,0.963,199.7718,65.1333,7.6365,414.5512,9.5037,0.9624,190.2681,64.1615,12.6108
234,2958.39,2478.99,2231.9556,1185.0959,1.0208,102.5344,0.1192,1.4881,0.9489,199.0452,67.5889,5.8573,416.4335,9.9361,0.9676,189.1091,64.1615,12.6159
235,3025.01,2604.26,2177.3222,1089.3655,1.3101,101.1478,0.1216,1.4476,0.9711,199.2029,63.9222,11.8878,407.0764,10.0345,0.9803,189.1684,64.0491,12.4527
236,3045.71,2490.25,2197.6444,1247.0334,0.7865,99.9211,0.1203,1.4257,0.9688,199.1869,62.9889,11.9209,413.6465,10.1341,0.9732,189.0528,64.0491,12.4527
237,3035.98,2458.15,2230.0333,1668.6804,1.5739,99.0522,0.1204,1.372,0.9547,206.8379,67.2222,6.0494,400.5666,10.3911,0.9642,196.4468,64.0262,12.6063
238,2908.04,2494.37,2185.9333,1659.6962,1.629,98.6822,0.1227,1.5221,0.9482,202.8708,65.8222,6.1263,398.5726,10.4202,0.9593,192.4506,64.0262,12.371
239,2984.45,2444.09,2230.0333,1668.6804,1.5739,99.0522,0.1204,1.356,0.9551,207.0302,66.8556,11.4256,407.276,9.1874,0.9537,197.8428,64.0262,12.6063
240,3061.98,2344.91,2197.2667,911.2054,1.3257,104.1722,0.1208,1.3595,0.9473,202.8766,63.4889,5.0594,393.6977,10.7158,0.9673,192.1608,64.0491,12.4896
241,2900.69,2483.06,2191.1111,1564.6023,0.9366,102.51,0.1234,1.5192,0.9683,198.1951,67.7111,7.4172,414.5525,10.297,0.9794,187.8982,64.081,12.4527
242,2916.02,2467.49,2185.9333,1659.6962,1.629,98.6822,0.1227,1.4114,0.943,202.5579,65.6778,11.2227,423.8263,10.1733,0.9642,192.3847,64.0262,12.6063
243,2959.2,2491.6,2181.1555,1010.6897,1.3711,103.1456,0.1215,1.4737,0.9527,200.4098,68.8222,10.9579,412.0222,10.3713,0.9629,190.0384,64.0262,12.6316
244,2963.75,2593.63,2204.9223,1787.6757,1.5138,100.4322,0.1216,1.5105,0.951,199.3709,69.4333,4.5468,406.6076,10.3906,0.96,188.9803,63.9006,12.6571
245,3107.79,2470.81,2280.8222,1125.7334,0.6815,101.9111,0.1221,1.4454,0.9539,203.213,67.9,9.1952,423.2751,9.6259,0.9545,193.5871,63.9261,12.4322
246,2981.08,2616.63,2177.3222,1089.3655,1.3101,101.1478,,1.419,0.9548,199.0364,69.6778,11.5007,425.2327,9.6167,0.97,189.4197,63.9167,12.47
247,2985.06,2509.8,2177.3222,1089.3655,1.3101,101.1478,0.1216,1.4245,0.9572,202.6486,66.2778,12.5732,418.4331,10.2655,0.9576,192.3831,64.0145,12.46
248,3043.17,2483.74,2195.7666,1015.3046,1.3663,101.46,0.1207,1.4925,0.952,198.7317,69.8333,11.3532,411.2249,10.6221,0.9698,188.1097,63.9211,12.4469
249,3056.95,2549.73,2195.7666,1015.3046,1.3663,101.46,0.1207,1.4493,0.9436,200.2559,69.7889,8.9373,422.4767,9.8232,0.9552,190.4327,79.2786,12.4469
250,3050.29,2402.57,2185.8111,995.3928,1.3714,102.6422,0.1218,1.4808,0.959,200.5169,68.5667,10.9913,415.6168,10.2697,0.9594,190.2472,64.3159,12.5078
251,3079.9,2463.51,2178.7333,1039.3641,0.7367,101.4922,0.1219,1.5145,0.9454,200.0306,61.0667,8.6903,411.4949,9.4318,0.9573,190.5988,64.0491,12.4753
252,3016.16,2382.03,2185.8111,995.3928,1.3714,102.6422,0.1218,1.5198,0.9499,199.0302,71.7222,13.8365,419.3459,10.6404,0.9688,188.3898,79.2786,12.4469
253,2972.78,2513.68,2197.2667,911.2054,1.3257,104.1722,0.1208,1.4777,0.9466,200.1786,70.4444,10.0227,424.9582,9.3713,0.9587,190.8074,63.7959,12.4104
254,2872.01,2570.13,2244.1111,1676.7316,0.9197,100.8067,0.1204,1.436,0.9608,202.3023,66.6889,9.1503,418.1526,9.9445,0.9687,192.3578,63.9846,12.4337
255,3008.98,2523.55,2197.6444,1247.0334,0.7865,99.9211,0.1203,1.4025,0.9526,199.003,64.0333,10.887,416.0875,9.9514,0.9687,189.0515,63.8677,12.4786
256,2821.23,2549.89,2244.1111,1676.7316,0.9197,100.8067,0.1204,1.484,0.9486,201.4136,68.4222,8.4048,410.0511,9.8004,0.9601,191.6132,63.9349,12.4753
257,3073.67,2349.48,2244.1111,1676.7316,0.9197,100.8067,0.1204,1.4596,0.9571,202.0653,69.0556,7.4945,403.1773,9.9935,0.9669,192.0718,64.004,12.46
258,3012.98,2498.28,2243.7778,1502.9221,1.816,102.0978,0.1195,1.44,0.9515,202.9595,71.2444,8.7225,422.8784,9.4325,0.9608,193.527,64.2033,12.5018
259,3072.31,2308.6,2176.6334,1272.409,1.3828,100.4622,0.1216,1.4378,0.9593,199.986,69.3778,11.0353,413.1905,10.071,0.9737,189.915,63.9167,12.4749
260,2968.02,2494.25,2197.2667,911.2054,1.3257,104.1722,0.1208,1.5193,0.9667,202.6334,67.1778,9.6914,428.4552,9.4449,0.9717,193.1885,64.1016,12.4492
261,3111.93,2460.94,2176.6334,1272.409,1.3828,100.4622,0.1216,1.5183,0.9735,202.2468,68.2,12.3885,404.9158,10.3359,0.9726,191.9109,64.1016,12.4661
262,2957.97,2483.97,2243.7778,1502.9221,1.816,102.0978,0.1195,1.442,0.9569,202.0149,70.1222,9.559,422.7669,9.8972,0.965,192.1177,64.2467,12.4786
263,2850.33,2570.42,2177.3222,1089.3655,1.3101,101.1478,0.1216,1.4067,0.9542,199.8134,70.5111,14.4533,425.7982,9.6315,0.9699,190.182,64.23,12.4337
264,2927.46,2464.8,2243.7778,1502.9221,1.816,102.0978,0.1195,1.4896,0.9581,201.8293,68.1556,8.5018,404.1486,9.987,0.9665,191.8423,78.254,12.4104
265,3055.21,2377.27,2177.3222,1089.3655,1.3101,101.1478,0.1216,1.4929,0.9552,199.6727,62.9556,12.4003,411.5736,10.0371,0.9715,189.6356,64.0385,12.4969
266,3045.21,2561.1,2243.7778,1502.9221,1.816,102.0978,0.1195,1.5032,0.9487,202.8679,72.9222,9.4744,428.9045,9.4302,0.9589,193.4376,64.23,12.46
267,3000.39,2581.67,2197.2667,911.2054,1.3257,104.1722,0.1208,1.4701,0.969,202.4717,69.3889,8.8499,426.3853,9.4152,0.9737,193.0565,64.2803,12.4496
268,2970.87,2610.78,2185.8111,995.3928,1.3714,102.6422,0.1218,1.5155,0.9625,199.9475,63.9778,6.812,409.155,9.6162,0.9621,190.3313,63.8677,12.4969
269,3087.45,2503.32,2243.7778,1502.9221,1.816,102.0978,0.1195,1.3993,0.9455,202.2886,66.5444,9.8855,423.9415,9.4102,0.9563,192.8784,64.0145,12.4337
270,3054.45,2443.68,2243.7778,1502.9221,1.816,102.0978,0.1195,1.4193,0.9551,201.6701,63.7778,10.7648,419.093,10.0212,0.9638,191.6488,63.9038,12.4869
271,2988.52,2291.92,2183.5777,1764.5386,1.705,100.4478,0.1222,1.4305,0.9615,199.9116,68.2,7.0778,410.3098,9.6388,0.9607,190.2728,64.1314,12.4969
272,3033.29,2587.27,2244.1111,1676.7316,0.9197,100.8067,0.1204,1.3669,0.9513,202.6728,63.0556,7.3121,413.5223,10.0634,0.9695,192.6094,63.9038,12.6278
273,3076.5,2554.29,2178.7333,1039.3641,0.7367,101.4922,0.1219,1.415,0.9748,199.4865,67.4556,7.1454,413.6892,9.6426,0.973,189.8439,64.1016,12.4492
274,3075.78,2575.68,2243.7778,1502.9221,1.816,102.0978,0.1195,1.4362,0.9629,199.9113,68.1556,6.4443,412.7534,9.6205,0.962,190.2908,64.4134,12.46
275,3038.25,2337.96,2244.1111,1676.7316,0.9197,100.8067,0.1204,1.3989,0.9605,198.9344,67.4222,8.6844,422.2485,9.6936,0.9595,189.2407,64.1016,12.47
276,2989.91,2575.71,2244.1111,1676.7316,0.9197,100.8067,0.1204,1.4984,0.9444,202.2274,68.0444,7.7447,408.7099,10.0207,0.9653,192.2067,64.3159,12.46
277,3061.24,2734.33,2243.7778,1502.9221,1.816,102.0978,0.1195,1.3971,0.9678,200.8026,69.9222,12.0802,412.3925,10.0621,0.9787,190.7405,63.9349,12.4492
278,3054.18,2408.46,2178.7333,1039.3641,0.7367,101.4922,0.1219,1.45,0.9727,199.216,66.6889,8.131,417.8892,9.6715,0.9709,189.5445,63.9846,12.4527
279,3054.84,2488.5,2185.8111,995.3928,1.3714,102.6422,0.1218,1.4049,0.9486,202.3304,68.5444,11.5524,426.3345,9.5853,0.9576,192.7451,63.9261,12.46
280,3010.71,2513.05,2243.7778,1502.9221,1.816,102.0978,0.1195,1.4547,0.9519,201.4128,67.5222,8.0322,421.6007,9.871,0.9681,191.5418,63.9261,12.4469
281,2935.73,2573.74,2201.5777,976.4791,0.7679,99.9956,0.1202,1.4732,0.9498,202.0686,63.4111,12.8571,428.9675,9.5534,0.9601,192.5153,63.8677,12.4786
282,3018.6,2374.64,2243.7778,1502.9221,1.816,102.0978,0.1195,1.4763,0.9672,200.4579,68.4111,13.2563,424.6843,9.6391,0.9721,190.8189,78.254,12.4496
283,3008.84,2522.9,2177.3222,1089.3655,1.3101,101.1478,0.1216,1.4833,0.9479,201.6866,67.1444,6.8,408.6435,9.8653,0.967,191.8214,64.3159,12.46
284,2969.01,2537.88,2194.6444,999.4387,1.3259,101.9767,0.1205,1.4389,0.9719,198.8736,68.1444,9.4397,430.1498,9.5915,0.9768,189.282,64.1215,12.4496
285,2984.32,2539.73,2214.7111,1493.8781,1.5899,103.9367,0.1202,1.425,0.9477,201.1445,69.4222,8.7953,418.8892,9.4896,0.958,191.6549,63.7959,12.4759
286,3017.94,2629.06,2194.6444,999.4387,1.3259,101.9767,0.1205,1.4246,0.949,203.3156,63.9111,8.331,418.7187,9.4396,0.9595,193.876,64.0969,12.4753
287,2988.66,2533.49,2194.6444,999.4387,1.3259,101.9767,0.1205,1.4459,0.9522,202.0238,63.3444,8.3038,410.2354,10.5814,0.9687,191.4424,64.0491,12.4869
288,3002.46,2693.16,2214.7111,1493.8781,1.5899,103.9367,0.1202,1.4282,0.956,199.7415,65.2556,10.5132,426.5692,10.2944,0.9702,189.447,63.9266,12.4496
289,2962.65,2535.19,2214.7111,1493.8781,1.5899,103.9367,0.1202,1.4738,0.9471,202.8253,69.6889,7.8059,400.5496,10.5663,0.9674,192.259,64.1215,12.4469
290,3021.41,2509.19,2218.5778,1632.2734,0.8396,98.1311,0.1211,1.504,0.9667,202.4774,66.2556,8.1235,415.0363,10.0986,0.9786,192.3787,64.2803,12.5071
291,3073.81,2786.97,2178.7333,1039.3641,0.7367,101.4922,0.1219,1.3576,0.9457,200.583,66.1111,7.6969,414.8297,10.0514,0.9652,190.5316,64.1658,12.4337
292,2983.31,2672.94,2244.1111,1676.7316,0.9197,100.8067,0.1204,1.5312,0.9495,202.0064,63.6111,7.5912,410.4986,9.8987,0.9665,192.1077,63.8677,12.4786
293,3029.19,2459.56,2214.7111,1493.8781,1.5899,103.9367,0.1202,1.447,0.9666,199.3001,69.8444,9.46,409.5174,10.614,0.9776,188.6861,63.9211,12.4273
294,3082.31,2457.92,2194.6444,999.4387,1.3259,101.9767,0.1205,1.4173,0.9461,202.8695,67.6222,9.5456,427.0973,9.3864,0.957,193.483,64.3159,12.4104
295,2997.92,2509.24,2201.5777,976.4791,0.7679,99.9956,0.1202,1.4932,0.9507,202.001,68.3222,8.0224,415.5934,9.8806,0.9685,192.1203,64.2803,12.4337
296,3067.43,2467.11,2214.7111,1493.8781,1.5899,103.9367,0.1202,1.3812,0.9619,199.5867,63.8889,7.4439,405.6238,9.6448,0.9559,189.9419,63.9038,12.46
297,2864.05,2533.75,2224,1510.0797,1.5611,99.83,0.1199,1.3743,0.9564,199.7633,69.6778,7.7805,412.4576,10.2072,0.9559,189.5561,63.7959,12.4759
298,3024.14,2505.03,2185.8111,995.3928,1.3714,102.6422,0.1218,1.461,0.9491,196.9672,59.9889,11.7446,416.823,10.6552,0.9674,186.312,63.7799,12.47
299,3032.29,2356.94,2218.5778,1632.2734,0.8396,98.1311,0.1211,1.3526,0.9708,198.6184,66.0667,7.4728,397.4025,8.0367,0.9553,190.5818,63.7678,12.4786
300,2968.06,2524.25,2218.5778,1632.2734,0.8396,98.1311,0.1211,1.4814,0.9661,200.6979,67.4333,10.5176,419.1647,10.0893,0.9776,190.6087,64.3409,12.4273
301,2988.95,2611.21,2202.4333,1586.1015,1.6025,100.8067,0.1214,1.47,0.9448,199.3569,63.4,6.7033,416.5865,9.8943,0.9658,189.4625,64.0969,12.4969
302,3052.43,2486.48,2201.5777,976.4791,0.7679,99.9956,0.1202,1.2921,0.9731,199.7613,66.7111,9.0687,409.9535,9.8492,0.9779,189.9121,64.1314,12.4496
303,3031.44,2487.46,2195.5333,1561.7164,1.4292,99.25,0.1223,1.4715,0.9524,202.0454,62.7,10.1117,422.1605,9.8914,0.9701,192.154,64.0385,12.4337
304,2889.93,,2238.5444,1659.1424,0.901,99.31,0.1204,1.5386,0.9465,202.3225,65,8.7894,403.5287,10.2875,0.9569,192.035,63.9846,12.5078
305,3020.25,2436.77,2224,1510.0797,1.5611,99.83,0.1199,1.4339,0.9505,198.7309,68.2,10.7885,417.0068,10.3532,0.9706,188.3777,64.1179,12.4896
306,3020.71,2483.52,2201.5777,976.4791,0.7679,99.9956,0.1202,1.38,0.9553,202.0491,70.4556,10.7945,407.9686,9.8178,0.9633,192.2313,64.1215,12.46
307,2933.79,2417.7,2195.5333,1561.7164,1.4292,99.25,0.1223,1.4965,0.949,202.1785,66.2444,9.9931,410.837,10.2545,0.9589,191.9239,63.9266,12.4322
308,3067.25,2312.14,2214.7111,1493.8781,1.5899,103.9367,0.1202,1.4043,0.9676,202.1406,68.5444,12.7335,422.9645,9.7682,0.9726,192.3724,64.0145,12.4661
309,2973.52,2414.48,2214.7111,1493.8781,1.5899,103.9367,0.1202,1.428,0.9706,200.7819,66.2667,11.1864,408.3481,9.7363,0.9744,191.0457,63.9167,12.4661
310,2999.81,2477.46,2178.7333,1039.3641,0.7367,101.4922,0.1219,1.4542,0.9679,199.7665,66.4444,7.5332,408.7915,10.1713,0.9781,189.5953,64.1314,12.4496
311,3098.79,2453.54,2214.7111,1493.8781,1.5899,103.9367,0.1202,1.435,0.9569,199.191,64.9667,9.7065,422.7206,9.0528,0.9602,190.1383,63.9846,12.46
312,2995.26,2540.19,2214.7111,1493.8781,1.5899,103.9367,0.1202,1.4147,0.9592,199.1989,69.9556,8.9478,417.6391,9.7517,0.9681,189.4473,79.2786,12.4759
313,3065.02,2515.55,2238.5444,1659.1424,0.901,99.31,0.1204,1.4984,0.9453,199.5062,68.9444,8.1609,414.9384,9.3149,0.958,190.1913,63.7678,12.6063
314,3091.11,2520.85,2238.5444,1659.1424,0.901,99.31,0.1204,1.4293,0.9656,198.6064,69.4,8.0911,417.9449,8.7,0.9578,189.9064,78.254,12.4104
315,2941.71,2529.42,2196.6889,1593.122,1.5925,99.1133,0.1226,1.4291,0.9475,199.9388,69.4556,8.6533,417.0018,10.1811,0.9567,189.7577,64.3159,12.4869
316,3019.05,2461.89,2196.6889,1593.122,1.5925,99.1133,0.1226,1.4204,0.95,197.824,72.8222,7.3643,412.9031,9.7119,0.9593,188.1121,64.2033,12.6278
317,2885.72,2575.71,2218.5778,1632.2734,0.8396,98.1311,0.1211,1.4446,0.9688,201.9649,68.1444,9.1799,413.6262,9.9824,0.9791,191.9825,64.2906,12.4492
318,3054.7,2450.48,2201.5889,956.1617,1.3886,105.4122,0.1207,1.5305,0.958,200.7318,69.7778,8.7155,414.1205,10.1841,0.958,190.5477,63.7749,12.4753
319,3033.33,2512.51,2224,1510.0797,1.5611,99.83,0.1199,1.5357,0.9464,199.5226,68.2556,8.6173,412.4875,10.9594,0.9711,188.5632,78.254,12.4661
320,2926.4,2421.45,2180.9666,998.4939,1.399,106.3311,0.1216,1.3899,0.9524,199.2606,66.3778,9.3289,425.3374,10.4318,0.9713,188.8288,64.0317,12.4616
321,3081.75,2442.26,2196.6889,1593.122,1.5925,99.1133,0.1226,1.4609,0.9592,198.7199,69.9333,11.3131,411.9715,10.7265,0.9736,187.9935,64.2467,12.5018
322,2936.59,2526.22,2196.6889,1593.122,1.5925,99.1133,0.1226,1.4934,0.9496,198.9536,66.9778,13.605,424.5817,9.9765,0.9599,188.977,63.7678,12.4786
323,3093.48,2413.92,2238.5444,1659.1424,0.901,99.31,0.1204,1.5695,0.9461,199.1575,68.5889,7.2114,409.1531,10.347,0.9579,188.8105,78.254,12.4104
324,2975.92,2286.25,2238.5444,1659.1424,0.901,99.31,0.1204,1.461,0.9664,200.2615,66.4556,9.1894,410.4279,10.2695,0.9779,189.992,63.9846,12.4496
325,2787.49,2584.15,2224,1510.0797,1.5611,99.83,0.1199,1.401,0.9533,201.4237,71.9778,10.5565,416.9682,10.0418,0.96,191.3819,64.23,12.6278
326,3039.66,2393.78,2194.2889,1631.5293,1.5119,99.6367,0.1222,1.5176,0.9481,199.2199,69.2778,8.9565,422.824,10.5027,0.9675,188.7173,64.1864,12.481
327,2973.53,2499.72,2177.3222,1089.3655,1.3101,101.1478,0.1216,1.3955,0.9505,199.7621,68.2333,12.9393,421.5235,9.6599,0.9678,190.1023,64.2467,12.46
328,2954.36,2559.27,2238.5444,1659.1424,0.901,99.31,0.1204,1.4086,0.9458,199.7549,67.4667,10.4274,414.821,10.2399,0.966,189.515,64.1016,12.4896
329,2894.04,2490.06,2207.0444,1330.6718,1.3076,101.6778,0.1216,1.5546,0.96,200.6405,70.0778,10.0368,404.6303,8.876,0.9731,191.7645,64.2111,12.4616
330,3042.9,2431.54,2205.2222,1427.384,1.4633,106.8389,0.1215,1.5279,0.9679,201.9118,69.1333,12.7912,410.0334,9.2068,0.9733,192.705,63.8842,12.5065
331,2915.83,2526.29,2197.6778,1056.7817,1.3168,102.9611,0.1203,1.5091,0.9492,200.2477,66.4,14.9546,422.0377,9.889,0.9601,190.3587,63.9846,12.5078
332,2967.04,2273.46,2208.4444,1089.1175,0.7665,103.71,0.1201,1.54,0.9603,202.1469,69.3222,8.6992,424.1288,12.805,0.977,189.342,64.0317,12.448
333,3057.33,2496.08,2196.6889,1593.122,1.5925,99.1133,0.1226,1.4535,0.9499,198.8388,65.5889,7.7694,422.1458,10.4208,0.9609,188.418,64.1314,12.5078
334,2904.17,2405.53,2204.2667,1475.7797,1.4053,101.2411,0.1221,1.4941,0.9701,198.159,70.5667,12.5855,415.6895,10.4705,0.9808,187.6884,63.9349,12.4806
335,3038.41,2475.67,2224,1510.0797,1.5611,99.83,0.1199,1.4783,0.9676,198.8356,67.2667,7.3265,406.4277,10.4654,0.9785,188.3702,64.2467,12.4661
336,3035.75,2484.62,2207.0444,1330.6718,1.3076,101.6778,0.1216,1.4512,0.9724,197.9874,68.4333,9.0389,424.0253,5.5709,0.958,192.4165,64.1615,12.47
337,2887.33,2551.17,2201.5777,976.4791,0.7679,99.9956,0.1202,1.3901,0.9458,199.1747,,9.2258,430.7835,9.487,0.9566,189.6877,63.9266,12.46
338,2991.98,2412.41,2197.2333,1435.146,0.974,104.8733,0.1226,1.5979,0.9687,201.053,69.9778,11.7913,413.0557,9.2115,0.9733,191.8415,64.0557,12.4722
339,3065.83,2273.8,2197.2333,1435.146,0.974,104.8733,0.1226,1.4909,0.968,201.799,68.6556,10.642,410.8374,9.31,0.973,192.489,64.0557,12.4655
340,3106.85,2453.47,2197.2333,1435.146,0.974,104.8733,0.1226,1.5971,0.9659,201.9349,69.4778,13.2315,414.0065,9.2947,0.9713,192.6403,64.0557,12.4655
341,3033.82,2531.63,2180.9666,998.4939,1.399,106.3311,0.1216,1.44,0.9526,202.0071,68.8444,10.6396,416.5016,9.332,0.9589,192.6751,64.2111,12.4616
342,3059.46,2567.68,2197.6778,1056.7817,1.3168,102.9611,0.1203,1.4975,0.965,199.7828,69.7111,9.4547,405.9794,10.5248,0.9711,189.258,63.8874,12.4496
343,2908.11,2512.99,2218.0555,1517.4371,0.8579,105.8133,0.1206,1.6103,0.9702,201.368,68.7667,6.467,415.9769,9.6721,0.9744,191.6958,64.3409,12.4273
344,3111.09,2536.56,2180.9666,998.4939,1.399,106.3311,0.1216,1.4551,0.9738,199.2024,67.7444,9.8112,419.5616,9.9876,0.9789,189.2148,64.0317,12.4273
345,3098.45,2439.82,2197.6778,1056.7817,1.3168,102.9611,0.1203,1.5057,0.9587,198.56,66.3556,12.1401,419.5144,9.7597,0.9572,188.8003,64.0145,12.46
346,3084,2453.91,2194.2889,1631.5293,1.5119,99.6367,0.1222,1.4752,0.9479,199.2779,66.9222,12.5894,425.1392,10.0168,0.9593,189.2611,64.154,12.4896
347,2959.29,2478.62,2197.2333,1435.146,0.974,104.8733,0.1226,1.5126,0.967,200.2378,69.7778,9.282,415.8273,9.3764,0.9724,190.8614,63.8842,12.5065
348,3047.54,2709.45,2238.5444,1659.1424,0.901,99.31,0.1204,1.3806,0.9472,199.3133,66.0222,8.1065,424.5918,9.9238,0.958,189.3896,64.1658,12.5018
349,2990.95,2379.96,2218.5778,1632.2734,0.8396,98.1311,0.1211,1.4036,0.9474,202.7417,67.3667,15.0515,427.5759,9.8412,0.959,192.9005,64.3409,12.4753
350,3038.81,2569.58,2198.7222,1534.2053,0.9374,104.1989,0.1224,1.4042,0.9511,198.8523,63.8111,12.8292,412.6172,9.9346,0.9614,188.9177,64.0806,12.4616
351,3028.43,2517.54,2170.5444,921.0605,1.439,104.53,0.1226,1.3428,0.9463,199.4734,65.5556,9.813,427.3429,10.0567,0.967,189.4166,63.7749,12.4616
352,2950.18,2517.34,2196.6889,1593.122,1.5925,99.1133,0.1226,1.4454,0.9742,199.7992,66.8889,8.0652,414.9417,9.236,0.979,190.5632,63.7678,12.4661
353,3190.45,2391.47,2208.4444,1089.1175,0.7665,103.71,0.1201,1.5037,0.9484,200.5541,70.1778,8.3645,414.5078,9.702,0.9597,190.8521,63.7749,12.5106
354,2893.56,2408.4,2208.4444,1089.1175,0.7665,103.71,0.1201,1.5272,0.9694,200.8052,67.5222,7.0828,408.8944,10.614,0.9738,190.1912,64.3409,12.4492
355,3031.79,2479.69,2186.9889,949.2201,1.2981,103.3322,0.1219,1.4636,0.9596,203.2909,71,7.5919,401.799,10.1388,0.9588,193.1521,64.23,12.4786
356,3111.28,2503.69,2218.0555,1517.4371,0.8579,105.8133,0.1206,1.5852,0.9696,201.4956,67.9111,8.4881,424.3829,9.4516,0.9711,192.044,64.2991,12.4273
357,3100.44,2495.4,2218.0555,1517.4371,0.8579,105.8133,0.1206,1.4629,0.9534,201.6838,60.1111,7.491,422.7772,9.6043,0.9622,192.0795,63.7799,12.47
358,3040.45,2226.99,2218.0555,1517.4371,0.8579,105.8133,0.1206,1.5923,0.9504,201.5485,59.8889,6.4888,408.8975,9.6676,0.9597,191.8809,63.7799,12.4616
359,2942.16,2450.05,2224,1510.0797,1.5611,99.83,0.1199,1.3924,0.9529,200.246,67.7,10.1535,414.2334,9.8977,0.97,190.3483,64.1615,12.47
360,3012.18,2590.8,2197.6778,1056.7817,1.3168,102.9611,0.1203,1.4103,0.9667,200.8017,67.2,7.1759,410.0575,10.3211,0.9774,190.4807,64.2111,12.4273
361,2973.57,2421.45,2218.5778,1632.2734,0.8396,98.1311,0.1211,1.4281,0.9756,201.276,68.1667,10.3197,415.8049,9.9797,0.9579,191.2963,64.2906,12.4492
362,2999.4,2270.68,2198.7222,1534.2053,0.9374,104.1989,0.1224,1.5108,0.9684,197.9303,68.5778,10.3624,409.9565,9.9864,0.9796,187.944,64.3409,12.4273
363,3018.64,2401.8,2224,1510.0797,1.5611,99.83,0.1199,1.4428,0.9501,199.192,70.0556,9.8316,414.4535,10.5954,0.969,188.5966,79.2786,12.4469
364,3066.07,2547.84,2186.9889,949.2201,1.2981,103.3322,0.1219,1.4414,0.9572,198.9177,67.4,7.2788,409.2742,9.0661,0.973,189.8516,64.0557,12.5106
365,3063.36,2333.96,2186.9889,949.2201,1.2981,103.3322,0.1219,1.4956,0.9737,203.8534,67.3222,9.0638,424.4871,9.1802,0.9778,194.6732,64.0145,12.4496
366,2988.92,2460.91,2178.0778,941.9524,0.8039,104.0167,0.1229,1.5829,0.9511,199.2651,66.0111,6.7187,405.269,9.578,0.9688,189.6872,63.9428,12.5894
367,3089.31,2546.27,2208.4444,1089.1175,0.7665,103.71,0.1201,1.4611,0.9681,200.9861,68.8778,8.1941,422.4208,9.9951,0.9784,190.991,64.0317,12.4273
368,2939.94,2516.11,2186.9889,949.2201,1.2981,103.3322,0.1219,1.5758,0.9571,203.845,69.1,8.1035,420.618,9.7521,0.9656,194.0928,64.4134,12.4869
369,2936.04,2574.32,2186.9889,949.2201,1.2981,103.3322,0.1219,1.5044,0.9658,199.2556,65.9111,9.2069,412.0623,12.1998,0.9678,187.0558,64.2033,12.4337
370,3206.18,2456.65,2198.7222,1534.2053,0.9374,104.1989,0.1224,1.226,0.9466,203.0568,69.3556,7.5742,410.6402,9.9605,0.9668,193.0963,64.0317,12.4753
371,3109.46,2510.08,2197.6778,1056.7817,1.3168,102.9611,0.1203,1.5389,0.9478,201.2269,67.7667,7.7866,410.4552,9.9867,0.9662,191.2401,64.2111,12.4759
372,2998.23,2475.5,2238.5444,1659.1424,0.901,99.31,0.1204,1.5996,0.9341,200.0505,65.4889,7.8339,403.5654,9.8203,0.9479,190.2301,63.9038,12.481
373,3047.65,2605.26,2196.8,1090.0084,1.327,99.3944,0.1212,1.4859,0.9705,201.0919,67.4111,7.8649,408.2335,10.4249,0.975,190.667,64.0776,12.4722
374,3118.63,2478.88,2170.5444,921.0605,1.439,104.53,0.1226,1.4385,0.9586,199.2032,71.2,10.0795,410.1935,10.0764,0.9695,189.1268,63.7996,12.4616
375,2993.48,2502.34,2218.0555,1517.4371,0.8579,105.8133,0.1206,1.46,0.9548,201.9804,70.1889,7.3634,420.2896,10.3491,0.9795,191.6313,64.3827,12.4759
376,3045.73,2479.93,2197.6778,1056.7817,1.3168,102.9611,0.1203,1.3814,0.9749,196.9541,65.5,14.2942,428.5513,9.7666,0.9787,187.1876,64.1314,12.4661
377,3067.14,2512.14,2205.2222,1427.384,1.4633,106.8389,0.1215,1.4598,0.976,201.2913,67.0667,9.5031,402.2377,10.5596,0.9826,190.7317,64.0557,12.4722
378,2982.49,2288.05,2198.7222,1534.2053,0.9374,104.1989,0.1224,1.5168,0.9692,198.5037,68.2889,11.6817,409.0006,10.0004,0.974,188.5033,64.2187,12.4492
379,2927.75,2462.82,2207.0444,1330.6718,1.3076,101.6778,0.1216,1.4603,0.9546,199.0471,70.4,7.1228,408.2685,10.5148,0.972,188.5322,64.2111,12.4759
380,3001.5,2523.6,2197.2333,1435.146,0.974,104.8733,0.1226,1.5362,0.9512,196.8884,67.2111,7.6372,408.9521,10.9629,0.9696,185.9255,64.1215,12.4337
381,2875.43,2513.28,2197.2333,1435.146,0.974,104.8733,0.1226,1.4388,0.9452,197.1195,67.5889,7.9566,411.6063,11.1018,0.9665,186.0177,64.3159,12.46
382,2957.88,2560.91,2196.8,1090.0084,1.327,99.3944,0.1212,1.4604,0.9517,201.1548,65.5444,7.8472,415.6868,10.3992,0.9615,190.7556,63.9261,12.4786
383,3047,2436.01,2213.7556,1113.5599,0.7217,104.1667,0.1211,1.5608,0.9755,198.5017,67.6333,8.0898,402.9729,10.0276,0.979,188.4741,64.1145,12.4655
384,3037.81,2305.52,2186.9889,949.2201,1.2981,103.3322,0.1219,1.5169,0.9654,199.2529,67.6444,7.5546,408.7179,11.3119,0.9667,187.9411,64.1016,12.4104
385,3040.17,2375.55,2198.7222,1534.2053,0.9374,104.1989,0.1224,1.54,0.9772,199.2749,68.0444,6.611,411.6618,9.8454,0.9568,189.4295,78.254,12.4104
386,3067.89,2570.93,2196.8,1090.0084,1.327,99.3944,0.1212,1.5001,0.9382,201.8757,70.2,9.8032,403.6168,10.5391,0.9538,191.3366,63.9167,12.5216
387,3083.97,2311.42,2205.2222,1427.384,1.4633,106.8389,0.1215,1.5016,0.9634,196.6853,67.1111,8.0353,415.1318,9.2405,0.969,187.4448,78.254,12.5018
388,2912.24,2555.49,2206.4222,1113.3443,1.2678,97.7689,0.1215,1.4313,0.9607,197.3453,69.1111,7.8552,421.6408,8.2969,0.9626,189.0484,64.4134,12.46
389,3024.19,2474.41,2186.9889,949.2201,1.2981,103.3322,0.1219,1.4712,0.9615,198.9542,67.8778,7.5447,411.0037,9.7802,0.9616,189.174,64.0145,12.4104
390,3002.85,2578.76,2197.6778,1056.7817,1.3168,102.9611,0.1203,1.5432,0.9699,200.3937,69.1222,10.1574,412.1988,9.861,0.9738,190.5328,64.4134,12.4527
391,2989.82,2434,2180.0556,1031.0669,0.7565,104.7056,0.1226,1.5865,0.9751,201.8822,69.3111,7.9191,416.1765,9.5523,0.9731,192.3299,64.0577,12.448
392,2924.07,2566.22,2213.7556,1113.5599,0.7217,104.1667,0.1211,1.4822,0.9555,201.5514,66.6556,9.6483,403.3405,10.4399,0.9717,191.1115,63.9211,12.4469
393,3013.98,2488.76,2167.5,1068.4521,1.3719,102.1733,0.1223,1.5523,0.9496,199.158,70.6444,7.2777,412.9145,10.5503,0.968,188.6077,63.7996,12.4753
394,2950.24,2512.97,2205.2222,1427.384,1.4633,106.8389,0.1215,1.3531,0.9494,198.4632,64.7222,9.7532,408.2935,9.276,0.9702,189.1871,63.8677,12.4337
395,2821.63,2491.13,2198.7222,1534.2053,0.9374,104.1989,0.1224,1.191,0.9469,202.1272,69.6889,7.205,405.276,9.9788,0.9667,192.1483,63.9349,12.4896
396,3245,2371.45,2196.8,1090.0084,1.327,99.3944,0.1212,1.5387,0.9684,201.3553,68.3,8.2275,407.5251,10.384,0.9736,190.9712,63.9167,12.4661
397,3127.07,2478.97,2198.7222,1534.2053,0.9374,104.1989,0.1224,1.2476,0.9524,200.557,69.0111,6.5375,401.5945,9.9879,0.9703,190.5692,64.3827,12.5106
398,3034.08,2735.65,2213.7556,1113.5599,0.7217,104.1667,0.1211,1.4426,0.9719,201.0235,68.1889,11.9853,408.2567,10.5411,0.9807,190.4824,64.2442,12.4722
399,2953.65,2310.29,2197.2333,1435.146,0.974,104.8733,0.1226,1.5381,0.9472,197.0412,68.5556,8.4855,422.2481,10.7439,0.9591,186.2973,64.4134,12.4104
400,2996.53,2533.52,2202.1222,1034.5674,0.776,104.6156,0.1219,1.532,0.9699,200.9119,68.3333,8.6467,408.7751,10.2893,0.9741,190.6226,64.3729,12.4978
401,2951.56,2441.22,2202.1222,1034.5674,0.776,104.6156,0.1219,1.5164,0.9571,202.6556,67.6778,6.8065,406.7837,9.9111,0.9735,192.7445,64.0262,12.4273
402,2986.34,2318.95,2213.7556,1113.5599,0.7217,104.1667,0.1211,1.3967,0.9709,200.1579,65.6889,7.7927,407.83,9.7814,0.9787,190.3765,64.0577,12.4722
403,3105.49,2587.3,2218.5778,1632.2734,0.8396,98.1311,0.1211,1.4991,0.9664,201.9838,67.0556,8.0335,424.9771,10.34,0.9778,191.6438,64.2906,12.4492
404,3090.09,2490.54,2213.7556,1113.5599,0.7217,104.1667,0.1211,1.4319,0.9691,200.5958,67.1889,7.1169,405.6465,10.7026,0.9796,189.8932,64.0577,12.4655
405,2986.32,2490.92,2218.0555,1517.4371,0.8579,105.8133,0.1206,1.5327,0.9748,203.7596,67.7667,7.4847,405.8447,10.4516,0.9732,193.308,64.1615,12.4978
406,3052.97,2501.63,2218.0555,1517.4371,0.8579,105.8133,0.1206,1.4732,0.9631,199.1995,60.0667,9.0249,403.8765,10.5645,0.9817,188.635,63.7799,12.4759
407,2917.09,2518.96,2213.7556,1113.5599,0.7217,104.1667,0.1211,1.4628,0.9502,201.146,67.4889,10.4777,417.8509,10.3872,0.9703,190.7588,64.0262,12.6278
408,2981.36,2502.06,2178.6889,1657.3518,1.6603,100.8022,0.1229,1.6128,0.9502,198.5388,67.0889,6.3295,393.0423,10.4463,0.9691,188.0926,63.9428,12.5894
409,3017.11,2364.31,2197.2333,1435.146,0.974,104.8733,0.1226,1.5518,0.959,198.9617,67.8889,6.6757,398.8777,9.9927,0.975,188.969,64.1314,12.4661
410,2940.72,2419.83,2218.0555,1517.4371,0.8579,105.8133,0.1206,1.4603,0.9677,199.1576,68.9444,7.6517,414.1448,9.9603,0.978,189.1973,63.7749,12.448
411,2940.17,2514.3,2186.9889,949.2201,1.2981,103.3322,0.1219,1.4768,0.9632,199.2589,65.5778,7.8057,412.9148,10.4817,0.9603,188.7773,63.9266,12.6278
412,2933.88,2488.49,2178.6889,1657.3518,1.6603,100.8022,0.1229,1.541,0.9655,197.5102,68.6111,8.1393,409.8712,10.5155,0.9783,186.9947,64.1145,12.4655
413,2989.85,2501.88,2197.2333,1435.146,0.974,104.8733,0.1226,1.533,0.949,197.3174,67.3667,6.7365,399.1127,10.3602,0.9686,186.9571,64.1314,12.5018
414,3083.49,2536.43,2213.7556,1113.5599,0.7217,104.1667,0.1211,1.5082,0.9635,197.4467,67.2444,10.225,425.1607,10.1609,0.9722,187.2858,63.9167,12.47
415,2965.48,2467.94,2178.6889,1657.3518,1.6603,100.8022,0.1229,1.5611,0.9519,198.3277,68.3889,7.1758,398.9085,10.5082,0.9716,187.8195,64.061,12.6006
416,2951.41,2577.27,2207.8111,1202.452,1.6219,108.7689,0.1212,1.544,0.9664,198.4192,68.1778,6.3185,395.4402,10.4823,0.9789,187.9369,64.1145,12.4722
417,3015.48,2532.88,2218.0555,1517.4371,0.8579,105.8133,0.1206,1.5316,0.9625,196.7227,59.4,7.3369,410.0177,9.2114,0.9684,187.5114,63.7799,12.4616
418,2981.47,2434.32,2180.0556,1031.0669,0.7565,104.7056,0.1226,1.5238,0.9752,202.2718,66.3,7.4314,411.2325,8.9543,0.9565,193.3176,64.0577,12.4896
419,2946.7,2535.82,2178.6889,1657.3518,1.6603,100.8022,0.1229,1.5262,0.9561,198.117,67.2778,6.0355,401.4048,10.5012,0.9736,187.6157,64.4484,12.6006
420,3015.67,2539.46,2204.2889,1616.0688,0.983,102.9922,0.1226,1.5973,0.9638,198.1389,69.6222,8.4651,411.2179,9.8559,0.9736,188.283,63.8402,12.5227
421,3099.87,2675.58,2200.7,1568.0936,0.9496,99.4889,0.1217,1.6405,0.9588,196.8626,66.1667,7.9251,420.2281,9.4607,0.958,187.4019,63.9428,12.5894
422,3048.73,2460.11,2205.2222,1427.384,1.4633,106.8389,0.1215,1.5164,0.9629,196.7101,65.3667,7.0485,408.3351,10.1707,0.9687,186.5393,63.8744,12.6278
423,3022.8,2436.69,2204.2889,1616.0688,0.983,102.9922,0.1226,1.5116,0.9588,198.2658,68.9444,8.3535,412.8731,9.8012,0.9601,188.4647,63.8402,12.5227
424,3018.81,2281.3,2197.2333,1435.146,0.974,104.8733,0.1226,1.4458,0.95,196.4542,68.8,6.2079,448.4658,11.109,0.9686,185.3452,64.3159,12.5018
425,2977.43,2297.3,2218.0555,1517.4371,0.8579,105.8133,0.1206,1.4849,0.9601,196.4381,71.2333,11.0801,406.0418,11.0543,0.9683,185.3838,63.7996,12.4616
426,3079.17,2405.56,2217.3777,1425.1041,1.7585,106.2556,0.12,1.4794,0.9535,197.4874,70.0556,8.0655,419.1988,10.2912,0.9719,187.1962,64.0899,12.6006
427,2911.37,2541.21,2207.8111,1202.452,1.6219,108.7689,0.1212,1.5322,0.9561,198.587,69.5889,5.9071,397.4344,10.0264,0.9718,188.5607,64.0776,12.5302
428,3085.57,2364.78,2178.6889,1657.3518,1.6603,100.8022,0.1229,1.4945,0.956,198.6292,67.8222,8.2483,427.5357,10.1473,0.9713,188.482,64.1107,12.5302
429,3053.49,2457.08,2172.5333,1351.9648,1.6377,103.88,0.1243,1.568,0.956,198.1353,65.7111,6.0246,398.1607,10.0805,0.9716,188.0548,64.1107,12.5894
430,3120.68,2396.4,2177.0222,1448.8499,1.5565,103.2567,0.1232,1.492,0.9525,203.9795,68.7667,10.9552,418.5165,10.0922,0.9703,193.8873,63.8402,12.5227
431,2956.84,2592.29,2217.3777,1425.1041,1.7585,106.2556,0.12,1.5383,0.9573,198.7817,66.5333,8.1382,420.1999,10.1026,0.9755,188.6791,64.4484,12.3686
432,3068.98,2439,2172.5333,1351.9648,1.6377,103.88,0.1243,1.4688,0.9492,199.6873,67.9556,6.2149,404.5104,10.277,0.9591,189.4104,63.9211,12.4896
433,2999.89,2506.39,2178.6889,1657.3518,1.6603,100.8022,0.1229,1.4925,0.9523,198.2146,70.9556,11.4336,416.256,10.0758,0.9698,188.1388,63.8901,12.5894
434,3114.68,2605.48,2172.5333,1351.9648,1.6377,103.88,0.1243,1.5356,0.9488,197.8987,68.6556,10.0405,408.8065,9.9255,0.9679,187.9732,64.3729,12.481
435,3266.04,2417.04,2217.3777,1425.1041,1.7585,106.2556,0.12,1.4398,0.9586,198.0737,66.7,10.4828,408.5361,9.8439,0.9673,188.2297,63.8744,12.4753
436,3041.33,2526.73,2213.7556,1113.5599,0.7217,104.1667,0.1211,1.4501,0.9673,198.9504,69.6556,8.6212,406.427,10.0491,0.9779,188.9012,64.4134,12.4492
437,3071.58,2489.47,2217.3777,1425.1041,1.7585,106.2556,0.12,1.527,0.9598,200.2884,59.9778,10.2077,405.2716,9.4565,0.9596,190.832,63.7799,12.47
438,2921.48,2496.54,2213.9333,1248.6209,1.8848,97.1856,0.1209,1.4266,0.9444,204.4783,68.7111,9.4535,421.5449,9.542,0.9554,194.9363,63.8842,12.5894
439,3059.2,2467.8,2196.0889,1277.8592,1.8246,95.6322,0.1224,1.3787,0.9655,203.8253,67.5111,8.3871,401.423,9.288,0.9622,194.5373,64.4484,12.6006
440,3062.54,2370.5,2177.0222,1448.8499,1.5565,103.2567,0.1232,1.5533,0.944,202.8325,69.8222,6.0066,399.6261,10.4521,0.9564,192.3804,64.3081,12.6006
441,3067.7,2500.27,2177.0222,1448.8499,1.5565,103.2567,0.1232,1.576,0.949,203.9146,70.0444,6.0511,397.6668,10.4982,0.9601,193.4164,64.0899,12.6006
442,3102.59,2514.95,2196.0889,1277.8592,1.8246,95.6322,0.1224,1.4727,0.9646,203.9804,70.3889,8.5539,401.3223,9.2908,0.9618,194.6896,64.3081,12.6006
443,2948.76,2644.32,2185.3334,1780.4149,1.7632,93.9844,0.1215,1.4117,0.951,202.47,69.2444,6.5042,400.9347,9.9916,0.9691,192.4784,64.0557,12.6006
444,3079.77,2354.51,2207.0444,1269.6078,1.7571,97.0189,0.1221,1.4607,0.9577,198.5381,66.4,6.8827,408.2091,9.859,0.9663,188.6791,64.1145,12.3686
445,3114.46,2656.84,2207.0444,1269.6078,1.7571,97.0189,0.1221,1.4164,0.9531,204.5303,68.9333,6.0865,401.5505,10.1277,0.9698,194.4026,64.061,12.3686
446,2882.17,2601.98,2213.9333,1248.6209,1.8848,97.1856,0.1209,1.5604,0.9505,204.53,68.2333,7.9207,425.887,9.9845,0.9681,194.5456,64.0899,12.5894
447,3014.35,2653.23,2203.0445,996.156,1.366,104.6633,0.1209,1.4794,0.9461,202.5944,62.9778,7.0238,390.8367,10.4275,0.958,192.1669,64.0806,12.371
448,2901.07,2505.83,2207.0444,1269.6078,1.7571,97.0189,0.1221,1.513,0.9493,204.4123,69.9111,5.6194,409.8024,10.0688,0.9673,194.3435,63.8901,12.5351
449,2942.41,2523.71,2207.0444,1269.6078,1.7571,97.0189,0.1221,1.5272,0.9519,198.4701,69.0111,7.8206,406.6101,9.778,0.9622,188.6922,64.0072,12.6278
450,2882.76,2516.11,2172.5333,1351.9648,1.6377,103.88,0.1243,1.5766,0.9668,198.2299,66.8222,5.6548,394.7654,10.532,0.9772,187.698,64.1145,12.4722
451,3047.76,2446.96,2187.6667,1468.8963,0.9253,101.8611,0.1234,1.6004,0.9503,199.7304,68.3111,7.0945,408.0503,10.1079,0.9712,189.6225,64.3729,12.481
452,3133.43,2406.58,2173.4556,1433.6732,1.0304,110.5422,0.1245,1.5261,0.9525,197.1227,68.2222,10.7231,432.2275,9.5075,0.9634,187.6152,64.2481,12.5478
453,3080.01,2481.04,2172.1223,1871.2454,1.5915,100.2533,0.1247,1.4337,0.952,197.5113,70.4667,8.5405,412.8772,9.4069,0.9613,188.1044,64.2481,12.5478
454,2967.57,2520.91,2172.1223,1871.2454,1.5915,100.2533,0.1247,1.4873,0.9549,196.9941,70.5444,7.9655,425.0815,9.2677,0.9616,187.7264,64.2481,12.5478
455,3007.38,2474.97,2170.9667,1600.3858,1.043,104.9756,0.1249,1.4396,0.9543,200.0002,70.1667,3.574,413.8273,10.0467,0.9634,189.9534,64.2481,12.4724
456,3012.56,2534.62,2180.7,1159.3838,1.0177,98.9367,0.1222,1.411,0.9664,204.2996,70.1556,7.8925,416.9795,9.8138,0.972,194.4858,64.2481,12.5208
457,2958.91,2460.19,2191.5667,1448.8757,0.9187,104.4511,0.1261,1.4482,0.9628,198.6748,67.0556,8.9288,403.6765,9.9318,0.9758,188.7429,64.0546,12.4849
458,2940.56,2490.68,2170.9667,1600.3858,1.043,104.9756,0.1249,1.4035,0.9581,198.7807,68.0889,10.8036,410.0879,10.4634,0.9719,188.3173,64.1107,12.5478
459,3021.45,2611.98,2113.0778,1016.675,0.9218,97.92,0.1265,1.5448,0.9661,197.2046,67.0444,8.3735,407.3401,9.7259,0.9716,187.4787,64.0841,12.5227
460,2996.66,2501.03,2235.0556,1302.6607,1.6347,109.9856,0.123,1.5458,0.9577,198.4792,67.7889,10.324,403.3676,10.1349,0.9727,188.3443,,12.5455
461,3072.41,2705.16,2183.3111,1588.509,1.6269,102.8467,0.1248,1.4499,0.9483,197.4786,67.4444,6.5889,413.1167,9.2549,0.9699,188.2237,64.2442,12.5065
462,3200.36,2378.77,2163.5889,1448.3869,1.7014,104.8333,0.1256,1.3732,0.9773,198.3245,67.3556,2.9193,824.9271,10.251,0.9733,188.0735,64.2263,12.4722
463,3012.41,2481.59,2141.0667,1236.5212,0.9698,98.3344,0.1238,1.5477,0.9647,197.7446,65.1333,9.3115,404.4062,9.7727,0.9707,187.972,64.059,12.4673
464,2961.36,2362.09,2163.5889,1448.3869,1.7014,104.8333,0.1256,1.468,0.9727,199.336,68.6556,6.4852,413.5628,10.2384,0.9816,189.0975,64.1864,12.4978
465,3106.55,2673.41,2202.2889,1518.2905,0.9257,94.8922,0.1213,1.4116,0.9654,204.029,69.1889,11.2144,408.0078,10.2079,0.9633,193.8211,64.0546,12.3686
466,3043.23,2556.22,2230.7555,1281.7862,1.0038,111.5489,0.1235,1.4526,0.9511,196.9527,66.9333,6.9717,413.0281,9.538,0.9721,187.4148,64.154,12.448
467,3043.34,2473.49,2170.9667,1600.3858,1.043,104.9756,0.1249,1.5446,0.9641,199.9462,69.8,12.0049,412.4322,9.8881,0.9659,190.0581,64.0557,12.5478
468,3044.88,2636.69,2230.7555,1281.7862,1.0038,111.5489,0.1235,1.4868,0.9679,199.9935,67.2667,6.0974,408.0709,9.9073,0.9648,190.0862,64.0159,12.5471
469,2975.62,2465.16,2198.6889,1252.113,1.8008,98.0211,0.1218,1.375,0.9587,198.5268,70.7778,7.9559,413.9592,9.852,0.9601,188.6747,64.2481,12.5471
470,2997.15,2531.25,2183.1,1175.1481,1.7881,111.89,0.1256,1.3647,0.9691,204.1897,67.4889,7.9627,420.7401,10.7136,0.9821,193.4761,64.3081,12.4841
471,2929.84,2504.5,2183.3111,1588.509,1.6269,102.8467,0.1248,1.5545,0.9687,199.6956,70.5111,7.3735,414.8036,9.8767,0.9654,189.8189,63.8901,12.5471
472,3036.93,2570.13,2230.7555,1281.7862,1.0038,111.5489,0.1235,1.5067,0.9779,199.0955,68.7889,9.1496,402.8545,10.0046,0.9823,189.0909,64.154,12.4655
473,3100.12,2412.53,2231.4889,1275.3021,1.6787,94.1256,0.1193,1.4412,0.9632,199.3895,70.7667,10.7893,407.7466,9.9017,0.9649,189.4878,63.9238,12.5494
474,3038.93,2187.67,2219.1333,1167.9207,0.9002,97.9378,0.1203,1.4144,0.9794,198.8464,68.2889,12.3204,405.0104,10.0153,0.9832,188.8311,64.1163,12.5065
475,3008.92,2566.94,2235.0556,1302.6607,1.6347,109.9856,0.123,1.4738,0.968,198.1307,66.1556,11.6285,414.5041,10.0885,0.9787,188.0423,64.059,12.4892
476,2981.5,2500.59,2173.6444,1458.7176,0.8811,101.5667,0.1258,1.5216,0.9642,198.6686,70.6111,8.6025,421.9627,10.1556,0.9607,188.5131,64.2704,12.4724
477,3046.93,2459.21,2179.0778,1820.0613,1.6746,99.33,0.1261,1.4633,0.9639,198.1008,70,6.1443,403.4934,10.3881,0.9587,187.7127,64.0072,12.47
478,2957.63,2558.81,2230.7555,1281.7862,1.0038,111.5489,0.1235,1.4441,0.9656,199.708,68.2111,11.0463,403.9733,9.9923,0.9737,189.7158,64.2798,12.4998
479,3023.34,2493.12,2208.2334,1517.0152,1.098,110.19,0.1247,1.4487,0.9666,197.545,69.5444,10.357,404.7815,8.4191,0.9718,189.1258,64.1358,12.4849
480,3042.78,2377.89,2173.4556,1433.6732,1.0304,110.5422,0.1245,1.4964,0.9486,197.4142,71.3111,6.4832,407.2145,9.8446,0.959,187.5696,63.9238,12.5553
481,3091.64,2340.05,2200.7333,1602.8427,0.979,95.3311,0.122,1.532,0.9518,197.8935,71.4222,3.2775,400.753,10.5397,0.9702,187.3538,64.3081,12.6006
482,3008.02,2425.16,2230.7555,1281.7862,1.0038,111.5489,0.1235,1.4411,0.9489,201.9034,73.0222,7.811,419.1435,10.77,0.9702,191.1334,79.2786,12.4759
483,2993.53,2441.12,2180.7,1159.3838,1.0177,98.9367,0.1222,1.4909,0.9761,203.8317,69.9667,12.6976,417.4887,9.4631,0.9732,194.3685,63.8842,12.508
484,3003.08,2521.76,2183.3111,1588.509,1.6269,102.8467,0.1248,1.4102,0.9642,197.0076,67.9333,7.4221,411.0986,9.5747,0.9719,187.4329,64.2442,12.5065
485,3053.95,2459.39,2183.1,1175.1481,1.7881,111.89,0.1256,1.3539,0.9498,203.9062,69.4222,8.5675,421.7719,10.7242,0.971,193.1819,64.4484,12.5351
486,2933.89,2485.5,2189.6555,1200.5912,0.9898,98.0433,0.1215,1.5448,0.9539,198.5519,69.3111,12.1194,423.0623,10.5826,0.9716,187.9693,64.4484,12.4998
487,2996.95,2446.92,2163.5889,1448.3869,1.7014,104.8333,0.1256,1.5713,0.9688,196.6883,67.2667,7.0427,414.8541,9.6075,0.9631,187.0808,64.056,12.4998
488,3070.54,2406.4,2183.3111,1588.509,1.6269,102.8467,0.1248,1.5975,0.9471,201.1689,68.2,10.7441,413.6401,8.1845,0.9711,192.9844,64.1901,12.5471
489,3085.99,2550.52,2179.0778,1820.0613,1.6746,99.33,0.1261,1.4537,0.9822,199.3353,66.4556,6.7628,404.405,10.2926,0.9774,189.0427,64.1107,12.4841
490,3094.34,2391.09,2207.0444,1269.6078,1.7571,97.0189,0.1221,1.4413,0.9603,198.8039,68.7667,3.0406,411.2695,10.0541,0.9753,188.7498,64.3081,12.5539
491,2973.71,2487.45,2163.5778,1434.2764,1.6241,105.0833,0.1249,1.5171,0.9647,203.9849,68.9778,9.9348,408.29,10.6099,0.9712,193.375,64.4484,12.5351
492,2934.01,2461.28,2168.7222,1212.104,1.5175,106.7589,0.1233,1.3322,0.9739,201.9994,69.0222,3.1553,405.723,9.9689,0.971,192.0304,64.2111,12.448
493,3043.22,2484.78,2191.5667,1448.8757,0.9187,104.4511,0.1261,1.515,0.9669,199.5213,68.1222,12.3683,424.5635,10.0466,0.9723,189.4747,64.0159,12.4849
494,3037.38,2441.16,2146.1111,1792.7115,1.6513,100.7244,0.1248,1.3552,0.9586,200.8669,68.4667,10.0095,406.3165,10.7541,0.9667,190.1128,64.056,12.5351
495,2974.93,2473.34,2200.7333,1602.8427,0.979,95.3311,0.122,1.3947,0.9562,198.5742,70.4444,2.7716,397.3574,9.9788,0.9723,188.5955,63.8901,12.5351
496,2973.55,2536.48,2235.0556,1302.6607,1.6347,109.9856,0.123,1.4969,0.9713,197.8825,69.7111,10.5555,404.7087,10.3503,0.9811,187.5323,64.1864,12.448
497,2964.74,2480.51,2163.5889,1448.3869,1.7014,104.8333,0.1256,1.4547,0.9611,199.0842,66.6333,10.63,400.9161,10.7654,0.9673,188.3188,64.0546,12.5494
498,3057.56,2471.01,2180.7,1159.3838,1.0177,98.9367,0.1222,1.3784,0.6554,197.7383,69.2222,8.753,423.2127,10.3951,0.5794,187.3432,64.056,12.5894
499,2954.41,2614.99,2208.2334,1517.0152,1.098,110.19,0.1247,1.4699,0.9664,199.0747,65.1,8.8927,403.0156,10.0947,0.9785,188.9801,64.059,12.4849